"plotid","H.2005","D.2005","inv.D.2005","J.2005","H.2014","D.2014","inv.D.2014","J.2014","us.H.2005","us.D.2005","us.inv.D.2005","us.J.2005","us.H.2011","us.D.2011","us.inv.D.2011","us.J.2011","os_rich05","os_rich14","us_rich05","us_rich11"
"ann01",0,0,1,0,0.167944147734173,0.0768,1.08318890814558,0.152869351150057,0.977320208956467,0.580498866213152,2.38378378378378,0.70498750941103,1.00830025143036,0.605263157894737,2.53333333333333,0.727334886232836,1,2,3,3
"ann02",0.982281505484326,0.600694444444444,2.50434782608696,0.708566328359591,0.845113256842953,0.535,2.1505376344086,0.609620352318424,1.03833063589706,0.51038062283737,2.04240282685512,0.579503361767863,1.09153260041761,0.616549486208761,2.60789844851904,0.609195943520186,3,3,5,5
"ann03",0.325082973391448,0.18,1.21951219512195,0.295903274289385,0.244930026794635,0.124444444444444,1.14213197969543,0.222944918167239,1.06166532259361,0.59297052154195,2.45682451253482,0.659649753737909,1.17006917981841,0.647569444444444,2.83743842364532,0.72700485727269,2,2,4,4
"ann04",1.10562460482182,0.607638888888889,2.54867256637168,0.686963191484464,0.848685557726417,0.493827160493827,1.97560975609756,0.612197222702993,0.884193649709765,0.544477291050793,2.1952802359882,0.549380403480441,0.991280107988766,0.5709375,2.3306627822287,0.615916961027445,4,3,4,4
"ann05",1.22822132324672,0.67935752528257,3.11873840445269,0.76313681550422,1.33984156919459,0.70125,3.34728033472803,0.7477798176626,1.05999517688058,0.573827160493827,2.34646581691773,0.591594572310123,1.41831256511309,0.734796168411673,3.77068458630827,0.728868476173804,4,5,5,6
"ann06",0.864740096527637,0.5390625,2.16949152542373,0.623778124459133,1.13555069716037,0.626038781163435,2.67407407407407,0.705557318109262,0,0,1,0,NA,NA,NA,NA,3,4,1,0
"ann07",1.14280741967539,0.571428571428571,2.33333333333333,0.637812965022448,0.777789931555932,0.438271604938272,1.78021978021978,0.561056838554554,1.14991713779093,0.629757785467128,2.70093457943925,0.714483689558304,1.50774549908408,0.721694667640614,3.59317585301837,0.725072318150417,5,3,4,7
"ann08",0.89794572485678,0.54,2.17391304347826,0.647730922119161,0.689009238476659,0.495867768595041,1.98360655737705,0.62716323636974,0.693147180559945,0.5,2,0.630929753571457,1.38629436111989,0.75,4,0.861353116146786,3,2,2,4
"ann09",1.27985422583367,0.7,3.33333333333333,0.795218141654205,1.02965301406457,0.62,2.63157894736842,0.742737648613667,1.2695068397621,0.590277777777778,2.4406779661017,0.610503740699803,1.02328323986826,0.587105624142661,2.421926910299,0.63580162487949,4,3,7,4
"ann10",1.51831711390863,0.75,4,0.78026064802927,0.970115783986938,0.586666666666667,2.41935483870968,0.699790615323032,2.04734386984326,0.847589370120094,6.56122214564668,0.823911783574616,2.02052940146525,0.84593572778828,6.49079754601227,0.813120847673545,6,3,11,11
"ann11",0.672296228090859,0.331360946745562,1.49557522123894,0.417721132885507,0.730166889488485,0.366729678638941,1.57910447761194,0.453678196497923,1.78036530280675,0.811773954057123,5.31276102088167,0.810279168170036,1.65921787027592,0.797059478725774,4.92755214050494,0.852669313165064,4,4,8,6
"ann12",0.688138813713588,0.495,1.98019801980198,0.626370941606566,0.625491359725573,0.433884297520661,1.76642335766423,0.569346771538374,1.05563343255065,0.554016620498615,2.24223602484472,0.655901929732793,1.40222582798946,0.697757208971164,3.30859835100118,0.720601528631837,2,2,4,6
"ann13",1.07339428128113,0.650887573964497,2.86440677966102,0.774290303261427,0.918427784993098,0.569444444444444,2.32258064516129,0.662505605412089,1.01140426470735,0.611111111111111,2.57142857142857,0.729573958513623,0.772102120709044,0.398530762167126,1.66259541984733,0.479734020644091,3,3,3,4
"ann14",1.2406842919534,0.677685950413223,3.1025641025641,0.770880493350002,1.37781950803903,0.698224852071006,3.31372549019608,0.768975708906196,1.46813993901621,0.758494031221304,4.14068441064639,0.819384501229246,1.18419411357103,0.589572023734377,2.43648108274377,0.608555392008166,4,5,5,6
"ann15",1.02633063329449,0.623456790123457,2.65573770491803,0.740341057483192,1.31683011021504,0.712689020381328,3.48054919908467,0.818192550356591,1.56455968146966,0.759515570934256,4.15827338129496,0.752394164543696,1.78619525783198,0.815814645552131,5.42931332948644,0.858978346844525,3,4,7,7
"ann17",1.33979428028558,0.728888888888889,3.68852459016393,0.83246099146458,1.2852930241201,0.710059171597633,3.44897959183673,0.798597457031588,0.699124374306414,0.432432432432432,1.76190476190476,0.504311633888231,1.32237812838121,0.682771468060814,3.15230157226747,0.635929455998532,4,4,3,7
"ann18",0.830471712436292,0.5,2,0.599058710565202,0.636514168294813,0.444444444444444,1.8,0.579380164285695,1.51498744426835,0.75497256515775,4.08117564730581,0.778549536320489,1.47136294012307,0.744927159209157,3.92044875063743,0.756130975953527,3,2,6,6
"ann19",0.562335144618808,0.375,1.6,0.511859507142915,1.26500137527307,0.694444444444444,3.27272727272727,0.785989546723112,1.33851645049194,0.683553148746615,3.16008832459288,0.68786138514245,1.05823594112093,0.582097954588103,2.39290525370454,0.590612724138054,2,4,6,5
"ann20",1.3647193751408,0.705882352941176,3.4,0.76166438552646,1.11636707528934,0.602040816326531,2.51282051282051,0.693637863669405,1.13586354965269,0.639500297441999,2.77392739273927,0.633937517373388,1.00985330081043,0.592391304347826,2.45333333333333,0.627457134573857,5,4,5,4
"ann21",1.02633063329449,0.623456790123457,2.65573770491803,0.740341057483192,0.89820533970415,0.561224489795918,2.27906976744186,0.647918194645582,0.95694171933132,0.56707842573973,2.30988719309887,0.594581320558088,1.15966547293845,0.612122349408895,2.57813255926464,0.5959501642465,3,3,4,6
"ann22",0.410116318288409,0.244897959183674,1.32432432432432,0.373303960385887,0,0,1,0,1.55837825827434,0.733450166770309,3.75164369034995,0.627137545954612,1.22946748041923,0.621905566960512,2.64484190354519,0.559554764269824,2,1,11,8
"ann23",0.376770161256437,0.21875,1.28,0.342950980198128,0.848685557726417,0.493827160493827,1.97560975609756,0.612197222702993,1.25441044386873,0.628202272220985,2.68963451168364,0.644639447755445,0.439561090571321,0.196051423324151,1.24386065105654,0.273114661445083,2,3,6,4
"ann24",0.845113256842953,0.535,2.1505376344086,0.609620352318424,0.832407574347485,0.526077097505669,2.11004784688995,0.600455139754764,1.51258347816122,0.739447098441538,3.83799218515179,0.777314142122921,1.45153544138881,0.698397005861168,3.3156169515336,0.698040994322069,3,3,6,7
"ann25",1.31972992151867,0.719723183391003,3.5679012345679,0.819994304423164,1.2930224700644,0.705882352941176,3.4,0.803400031821571,1.28400751397618,0.5984,2.49003984063745,0.617477090959203,1.59219763214751,0.739440809042237,3.837899543379,0.724640370661514,4,4,7,8
"ann27",0.636514168294813,0.444444444444444,1.8,0.579380164285695,0.693147180559945,0.5,2,0.630929753571457,1.52592429544205,0.722222222222222,3.6,0.662700501312588,1.72914899952106,0.777120315581854,4.48672566371681,0.750959868880524,2,2,9,9
"ann29",1.19427268434832,0.642659279778393,2.7984496124031,0.742043340175897,1.20068456234124,0.643598615916955,2.80582524271845,0.746027263969033,1.47945274636193,0.726055919095776,3.65038002171553,0.673327961839717,1.48843806601896,0.698538238824942,3.31717029749356,0.646420438726782,4,4,8,9
"ann30",1.39802909284747,0.697887970615243,3.31003039513678,0.718444833399,1.49104260869242,0.72,3.57142857142857,0.766244325009704,1.20943268140584,0.641975308641975,2.79310344827586,0.674997231590967,1.48504763351326,0.726456484032242,3.65572547556882,0.714156952117825,6,6,5,7
"ann31",1.25105833179593,0.642722117202268,2.7989417989418,0.698228949410783,1.38234305895198,0.709876543209877,3.4468085106383,0.771500350740458,1.43917411542133,0.736842105263158,3.8,0.803218367274134,1.65931050278781,0.772495888479912,4.39552495697074,0.797959677888982,5,5,5,7
"ann32",1.29581301497501,0.678200692041522,3.10752688172043,0.723207013680964,1.09234010552731,0.609053497942387,2.55789473684211,0.678709067984654,1.62866295972321,0.76118609841641,4.18736092567868,0.741236456447115,1.63684208353504,0.791740452404023,4.80170062570191,0.841170433449707,5,4,8,6
"ann33",0.889099238023962,0.508,2.03252032520325,0.552428416874619,0.774863069870292,0.411571334648258,1.69944134078212,0.481449494810518,1.9619707075817,0.834984806447351,6.06004803843074,0.852073051958549,1.81334603060682,0.804899821463995,5.12557193695984,0.825289344253198,4,4,9,8
"ann34",0.681265729663204,0.488165680473373,1.95375722543353,0.620114790896003,0.659152503822991,0.46639231824417,1.87403598971722,0.599986465308983,1.20244784555777,0.684703433922997,3.17161716171617,0.747122853430986,1.01341009622167,0.580486303477993,2.38371239911959,0.629667095817942,2,2,4,4
"ann35",0.909707710327499,0.53185595567867,2.13609467455621,0.656215401173968,1.14991713779093,0.629757785467128,2.70093457943925,0.714483689558304,1.12194166085044,0.604444444444444,2.52808988764045,0.697101548424209,1.16739325224582,0.663490304709141,2.9716825814949,0.651534579442613,3,4,4,5
"ann36",1.2385689404395,0.641868512110727,2.79227053140097,0.691258487375606,0.843586981963817,0.464497041420118,1.86740331491713,0.524150062233829,1.77514065432319,0.803195238468165,5.08117787504974,0.770933790774691,1.83635873621806,0.810901249256395,5.28824223358238,0.739005119719378,5,4,9,11
"ann37",0.901150525775974,0.500892325996431,2.00357568533969,0.559916302961375,0.779564845440536,0.45375,1.83066361556064,0.562337168284216,1.46789275548469,0.702169625246548,3.35761589403974,0.754347653820146,1.04117526231375,0.609274563820018,2.5593419506463,0.646918563474799,4,3,6,4
"ann38",1.31809526141248,0.69,3.2258064516129,0.73564297220115,1.22831035216088,0.685185185185185,3.17647058823529,0.763192132278776,1.33200967834084,0.627450980392157,2.68421052631579,0.64056125245281,1.68650239188623,0.774234693877551,4.42937853107345,0.767560316447418,5,4,7,8
"apgar01",1.48779312746672,0.726879394267171,3.66138613861386,0.764574421994255,1.67419845284992,0.794238683127572,4.86,0.860367809717576,2.1708791916877,0.872929145361578,7.86962520119568,0.873626054271658,1.77619913985318,0.811000752985048,5.29102637070764,0.808383065697605,6,6,11,8
"arbit01",1.11506598409643,0.615916955017301,2.6036036036036,0.692829450258204,1.01390466093457,0.574074074074074,2.34782608695652,0.629974386151464,0.695265374112058,0.34375,1.52380952380952,0.431992665725479,0.791103189665042,0.523090992226795,2.09683604985618,0.570660324280598,4,4,4,3
"arbit02",1.57409733684897,0.744897959183674,3.92,0.808926012135326,1.19884931291362,0.652777777777778,2.88,0.74488695938602,1.40079542099116,0.653846153846154,2.88888888888889,0.67364020238797,1.71844720264604,0.755295836376917,4.0865671641791,0.782099026367792,6,4,7,8
"arbit03",1.53060524205894,0.736842105263158,3.8,0.786575496716541,1.18777503483237,0.642722117202268,2.7989417989418,0.738006123539111,1.23023188435242,0.635802469135803,2.74576271186441,0.632214126099123,1.40331145312248,0.695440045036592,3.28342575477511,0.67485015808083,6,4,6,7
"arbit04",0.991138896613094,0.530612244897959,2.1304347826087,0.615829221466583,0.509137344082687,0.255102040816327,1.34246575342466,0.367264960719735,0.102966660465412,0.0416478044363966,1.0434577231932,0.0937242933903852,0.6435661541223,0.3944,1.65125495376486,0.464234849518112,4,3,2,3
"arbit05",0.801818552543337,0.46,1.85185185185185,0.57838982472352,1.14905969697062,0.617283950617284,2.61290322580645,0.713950931622328,0.750484584184837,0.475778546712803,1.90759075907591,0.54136019393354,1.22351280562641,0.616218514188543,2.60564940459706,0.628761202679576,3,4,3,6
"athea02",0,0,1,0,0.633039511664468,0.349030470914127,1.53617021276596,0.456641482082549,0.784174017478477,0.379008746355685,1.61032863849765,0.437655852220122,1.13128270432356,0.579444444444444,2.3778071334214,0.631380898916611,1,3,5,5
"backm02",0.864740096527637,0.5390625,2.16949152542373,0.623778124459133,0.970115783986938,0.586666666666667,2.41935483870968,0.699790615323032,1.09861228866811,0.666666666666667,3,0.792481250360578,0.796311640173813,0.448979591836735,1.81481481481481,0.574417427140458,3,3,3,3
"backm03",0.181820282304918,0.0849382716049383,1.09282245008095,0.165499953150302,0.386268043839084,0.190104166666667,1.23472668810289,0.278633495650263,1.09760547874808,0.632236568096626,2.71913929784824,0.681980628310209,1.19896856818375,0.6328125,2.72340425531915,0.669157098804285,2,3,4,5
"backm04",0.947057152282508,0.5703125,2.32727272727273,0.683157328518199,0.923840705630872,0.55363321799308,2.24031007751938,0.66641020229251,1.4823990986912,0.703923900118906,3.37751004016064,0.712883276100022,1.58937143453897,0.727412533640907,3.66854724964739,0.723354112698771,3,3,7,8
"backm05",0.606869303944062,0.298775510204082,1.42607683352736,0.377069099252321,0.64792881161403,0.321254732287723,1.47330677290837,0.402580805763491,0.955699891112534,0.571428571428571,2.33333333333333,0.689391746743088,1.35065710175449,0.694444444444444,3.27272727272727,0.753816081316089,4,4,3,5
"badge01",0.474208127199144,0.210612244897959,1.26680455015512,0.294642075680916,0.419649769916732,0.20734693877551,1.2615859938208,0.302713320984532,1.54174282035516,0.731770833333333,3.72815533980582,0.701677396228782,1.48428783877429,0.721481481481482,3.59042553191489,0.713791568083822,4,3,8,7
"belta01",0.693147180559945,0.5,2,0.630929753571457,0.689009238476659,0.495867768595041,1.98360655737705,0.62716323636974,1.64064529774359,0.763430048836541,4.22707953855495,0.78898361163749,1.66504503890825,0.779805658144788,4.54144276176518,0.757794654257348,2,2,7,8
"belta02",0.500402423538188,0.32,1.47058823529412,0.455485915003595,0.867563228481461,0.5,2,0.625814583693911,1.30069280259459,0.638888888888889,2.76923076923077,0.668423875185625,1.39967824392591,0.6834375,3.15893385982231,0.719292329404526,2,3,6,6
"belta03",0.878525099127156,0.520775623268698,2.08670520231214,0.633721901903617,1.08443166507434,0.594104308390023,2.46368715083799,0.673795277653333,1.16513726218195,0.567901234567901,2.31428571428571,0.650275487414575,1.37822902333627,0.697142857142857,3.30188679245283,0.70826961049839,3,4,5,6
"belta04",1.17785164379948,0.673484295105917,3.06263982102908,0.731840374021079,1.29316330024746,0.703082747431044,3.36794171220401,0.803487534534148,1.54837733555051,0.739290469104863,3.83568639231,0.744612101141197,1.6722860295128,0.757766272189349,4.12824427480916,0.726264594781307,4,4,7,9
"belta07",0.95623733106799,0.545454545454545,2.2,0.594143659522587,0.990365041474314,0.559556786703601,2.27044025157233,0.61534839823457,1.63900380161872,0.743121193026675,3.89288634505315,0.745942776411933,1.58591396474134,0.752984389348026,4.04832713754647,0.762663404069627,4,4,8,7
"belta08",0.79744714178264,0.405,1.68067226890756,0.44506372394181,0.771600664969826,0.382642998027613,1.61980830670927,0.430638530573669,2.06733987830366,0.8473865159373,6.55250095456281,0.831958769348554,1.78417565644894,0.80009987203895,5.00249804839969,0.744059040729826,5,5,11,10
"berge01",0.831245645510042,0.391514387733669,1.6434242319641,0.427175759329684,0.56914881903676,0.295317437517955,1.41907867916837,0.410554089376072,1.15308885385981,0.670697908793147,3.03672532517215,0.716454387554406,1.4703608465751,0.754620498210242,4.07532003572492,0.755616001740325,6,3,4,6
"bouv01",1.03972077083992,0.625,2.66666666666667,0.75,0.955699891112534,0.571428571428571,2.33333333333333,0.689391746743088,1.20479330969478,0.662721893491124,2.96491228070175,0.748580172237067,1.46397982160135,0.72216441207076,3.59925093632959,0.752336803583695,3,3,4,6
"bouv02",0.778210653479187,0.385349338257925,1.62694041061592,0.483529465453083,0.591423767368228,0.284438775510204,1.39750445632799,0.367472247794737,1.57283997480995,0.735224809124328,3.77678889284443,0.756376143923413,1.65549559421722,0.777354570637119,4.49144634525661,0.753448514682208,4,4,7,8
"bouv03",1.17428497166067,0.596908442330559,2.48082595870207,0.655380921283252,1.04147738627785,0.518518518518519,2.07692307692308,0.581259596594488,1.40602005692693,0.660609418282548,2.94645772118838,0.639907304619493,1.58899518751387,0.735491071428571,3.78059071729958,0.662662463010526,5,5,8,10
"bouv09",0.368047929340345,0.175736961451247,1.21320495185695,0.265490461234384,0.437189020260764,0.189920866305706,1.23444730077121,0.271640811293903,1.8238756673245,0.802432610124918,5.06156405990017,0.760615231204831,1.68556455791092,0.783167573653594,4.61185633924708,0.76713348981122,3,4,10,8
"bowes01",0.900256051268537,0.53125,2.13333333333333,0.649397470347699,0.803314976140876,0.48,1.92307692307692,0.579469266175139,1.62448468119503,0.781734557239613,4.58157730950476,0.739334839939056,1.55024631716254,0.767249527410208,4.29644670050761,0.705547504407566,3,3,8,8
"bowes02",0.683738905848754,0.37037037037037,1.58823529411765,0.493213364365421,0.601923971732289,0.3203125,1.47126436781609,0.434196364505181,1.08487287263509,0.5792,2.37642585551331,0.674069415324219,0.774311244498752,0.449931412894376,1.81795511221945,0.558547496271455,3,3,4,3
"bowes03",1.30148106838743,0.709876543209877,3.4468085106383,0.80865565445708,0.89794572485678,0.54,2.17391304347826,0.647730922119161,1.60848009854995,0.760680529300567,4.17851500789889,0.69855403105144,1.8047712132159,0.803550295857988,5.09036144578313,0.752648055021066,4,3,9,10
"cochr01",0.691416077617118,0.498269896193772,1.99310344827586,0.629354035767567,0.691416077617118,0.498269896193772,1.99310344827586,0.629354035767567,1.00271826451752,0.518518518518519,2.07692307692308,0.623023887265718,0.935893169357435,0.506245890861275,2.02529960053262,0.58150312113749,2,2,4,4
"cook01",0.462036909466457,0.287334593572779,1.40318302387268,0.420564119145802,0.511740073417409,0.329861111111111,1.49222797927461,0.465805888661424,0.830471712436292,0.5,2,0.599058710565202,0.836774226381862,0.533057851239669,2.14159292035398,0.603605013372406,2,2,3,3
"cook02",0.298435812703107,0.160899653979239,1.19175257731959,0.271647983352627,0.588168777354191,0.39875,1.66320166320166,0.535374293024931,1.70270675839356,0.802644628099174,5.06700167504188,0.875018180680222,1.48699570033744,0.753864447086801,4.06280193236715,0.829908101994341,2,2,6,5
"doman01",0.982900727715156,0.594104308390023,2.46368715083799,0.709013002780405,1.02861686999559,0.565759637188209,2.30287206266319,0.639115595605625,1.7293332269016,0.782668365846486,4.60126296797474,0.787053469517505,2.15618254284507,0.861556387260787,7.22315735781688,0.817027549439184,3,4,8,13
"eliot01",0.633039511664468,0.349030470914127,1.53617021276596,0.456641482082549,0.799902779427117,0.41,1.69491525423729,0.497007541109399,2.1320697082156,0.855662246608749,6.92819429778247,0.831232672104548,2.07594309716985,0.853361094586556,6.81947261663286,0.835420959313284,3,4,12,11
"ferra01",0.668513611979486,0.301065088757396,1.43074839146631,0.373104550839908,0.393521457060602,0.187302499281816,1.23047013078826,0.283865727292365,1.90568421548192,0.825670498084291,5.73626373626374,0.827628139033926,1.78673045752611,0.804546328335256,5.11630194246373,0.775967178352061,5,3,9,9
"fop04",0.286835983056161,0.152777777777778,1.18032786885246,0.261089363385788,0.271189373041844,0.142011834319526,1.16551724137931,0.246847205187025,1.07354284640852,0.5625,2.28571428571429,0.667029674220179,1.23310862126464,0.63125,2.71186440677966,0.688211025219755,2,2,4,5
"fop324",0.354598827552649,0.164359861591696,1.19668737060041,0.255788985007624,0.283936266755864,0.122788761706556,1.13997627520759,0.204816721988606,1.37413483409071,0.684027777777778,3.16483516483517,0.706165613431749,1.15325718371708,0.544667590027701,2.19619771863118,0.524869963504239,3,3,6,8
"fop333",0.389377236290482,0.228531855955679,1.29622980251346,0.354426434427143,0.422709087805991,0.255,1.34228187919463,0.384766393172661,0.89037846997622,0.477317554240631,1.91320754716981,0.553223248375962,0.70291893077351,0.3984375,1.66233766233766,0.507048827786958,2,2,4,3
"fop340",0.995737499177827,0.607438016528926,2.54736842105263,0.718272776045514,1.05091347450906,0.6368,2.75330396475771,0.758073829038804,0.315396287422662,0.139917695473251,1.16267942583732,0.227510329889732,0.978034301257913,0.574539120336769,2.35039235755715,0.607686878569141,3,3,3,4
"fride01",0.921493430867962,0.5390625,2.16949152542373,0.664717001462483,1.32960076786058,0.692520775623269,3.25225225225225,0.742064317613688,1.3483378948993,0.654572940287226,2.89496717724289,0.648413464804627,1.26794241803904,0.646627218934911,2.82987273945077,0.609751412879228,3,5,7,7
"ganay01",0.450561208866305,0.277777777777778,1.38461538461538,0.410118486306518,0.881532261188164,0.5546875,2.24561403508772,0.635891110799899,1.530160906615,0.708208616780045,3.4271059993783,0.696406240125929,1.54322543184296,0.74322448681423,3.89445234708393,0.742134559164523,2,3,8,7
"ganay02",1.32160520062074,0.719809637120761,3.56900212314225,0.821159480841332,1.27405458170854,0.693181818181818,3.25925925925926,0.791614620151252,1.62592870804154,0.782006920415225,4.58730158730159,0.835562067873937,1.6515085979094,0.790123456790123,4.76470588235294,0.84870753087503,4,4,6,6
"gard01",1.3642808327808,0.672743055555556,3.05570291777188,0.701101658492874,1.24694773798762,0.646044021415824,2.82521008403361,0.695934783324931,1.65609860604967,0.766614302301755,4.28475270705297,0.753722957194216,1.48247239363474,0.738920394875026,3.83024939662108,0.712918523517208,6,5,8,7
"hallo01",1.37543105874245,0.684898929845422,3.17358490566038,0.767642689972795,1.26864416016829,0.6624,2.96208530805687,0.708043787102107,2.00482024073823,0.826953266513706,5.77878576413119,0.781621763761585,1.75080787843209,0.793832199546485,4.85041794984602,0.760366200475798,5,5,12,9
"halow02",0.739321330224592,0.446124763705104,1.80546075085324,0.533307608369225,0.559834325921902,0.298676748582231,1.42587601078167,0.403835102863472,1.24685351620282,0.641868512110727,2.79227053140097,0.695882197145583,1.20585710342835,0.572066326530612,2.33681073025335,0.61968796658662,3,3,5,6
"hood01",0.227398635110816,0.0945982262832573,1.10448204214901,0.164033441589647,0.071584833692919,0.0266617969320671,1.02739212007505,0.0651593236588534,1.61870183961116,0.749614197530864,3.99383667180277,0.778431038894956,1.6786084839447,0.761184625078765,4.18733509234829,0.763967644117535,3,2,7,8
"hood02",0.380726256347102,0.171052631578947,1.20634920634921,0.236558523572553,0.359132918762949,0.15625,1.18518518518519,0.223141828577779,1.57435667331684,0.749702734839477,3.99524940617577,0.757105521728216,1.61817964623038,0.734774846260663,3.77038145100972,0.702766491086009,4,4,7,9
"hood03",1.44178488715881,0.696859021183345,3.29879518072289,0.740930863564673,1.57635094231242,0.767982693347756,4.31002331002331,0.810084136247345,1.39595571641626,0.653190646056282,2.88342857142857,0.671312796458114,1.42224974810676,0.664973838104032,2.98484152503445,0.647293755393456,6,6,7,8
"hood04",1.20875983391508,0.683431952662722,3.1588785046729,0.751044712303916,1.01041275378054,0.615,2.5974025974026,0.728858734565074,0,0,1,0,1.34025046750663,0.670339761248852,3.03342618384401,0.688752493611943,4,3,1,6
"hood05",0.685905767066906,0.400408163265306,1.66780122532335,0.494776424332283,0.656583276399335,0.376929012345679,1.60495356037152,0.473624718395974,1.6196638238956,0.765522279035793,4.26479750778816,0.778893655547148,1.56342725328868,0.755945353347951,4.09744298548722,0.751849581703411,3,3,7,7
"hood07",0.669327963292645,0.476370510396975,1.90974729241877,0.609248567667214,1.09395478195771,0.663495838287753,2.97173144876325,0.789121569443581,1.69736204465912,0.786371011357491,4.68101265822785,0.816258601474288,1.90690040338653,0.825996430696014,5.74700854700855,0.86786777421648,2,3,7,8
"jlsp01",0.882310924515076,0.551111111111111,2.22772277227723,0.636452797660028,0.868719682914265,0.546712802768166,2.20610687022901,0.626648789231521,1.3887083022404,0.685714285714286,3.18181818181818,0.713654894556452,1.49573361937903,0.75390625,4.06349206349206,0.834784827465393,3,3,6,5
"jlsp02",1.54638591959968,0.760204081632653,4.17021276595745,0.794685160746197,1.27900751927456,0.670360110803324,3.03361344537815,0.71382768794608,1.53927827253017,0.7216,3.59195402298851,0.740236376775803,1.45159326520561,0.691831839414215,3.2449815649324,0.630418945046718,6,5,7,9
"jlsp03",0.948899452650046,0.498356344510191,1.99344692005242,0.529590868052653,0.687005094553268,0.3675,1.58102766798419,0.426860265466375,1.72309083272924,0.792180740265983,4.81187355435621,0.828631533126572,1.80949121411449,0.806111411573824,5.15760111576011,0.785852049342337,5,4,7,9
"jlsp04",1.28135446357,0.686666666666667,3.19148936170213,0.715137542497288,1.32845302307825,0.70242214532872,3.36046511627907,0.741423749054098,1.56455184272529,0.760387811634349,4.17341040462428,0.804020598528066,1.73036595778925,0.784205693296602,4.63404255319149,0.751488387141107,5,5,6,9
"jlsp05",0.264052051825629,0.137174211248285,1.15898251192369,0.24035053544299,0,0,1,0,NA,NA,NA,NA,0.693147180559945,0.5,2,0.630929753571457,2,1,0,2
"jlsp06",1.07354284640852,0.5625,2.28571428571429,0.667029674220179,0.450561208866305,0.277777777777778,1.38461538461538,0.410118486306518,1.59066881121459,0.751714677640604,4.02762430939227,0.764950001878676,1.7665468001456,0.794005102040816,4.85448916408669,0.76720152732708,4,2,7,9
"jlsp07",1.18222300164511,0.657777777777778,2.92207792207792,0.73455645136203,0.689009238476659,0.495867768595041,1.98360655737705,0.62716323636974,0.562335144618808,0.375,1.6,0.511859507142915,0.664528438654915,0.471655328798186,1.89270386266094,0.60487985207279,4,2,2,2
"jlsp08",1.23605293425955,0.637119113573407,2.75572519083969,0.689854277590107,0.46341355882643,0.2265625,1.29292929292929,0.334282221599798,1.6094379124341,0.8,5,0.898244401703927,0.223718076065834,0.110726643598616,1.12451361867704,0.203636968540609,5,3,5,2
"jlsp10",0.876199457463585,0.510396975425331,2.04247104247104,0.632044306056157,0.501046913759097,0.253968253968254,1.34042553191489,0.361428948866484,1.43888295021699,0.733727810650888,3.75555555555556,0.803055864879509,1.24682964154851,0.578125,2.37037037037037,0.640743686009249,3,3,5,6
"jlsp13",0.995026990179521,0.592592592592593,2.45454545454545,0.717760252141333,0.79026796807459,0.461538461538462,1.85714285714286,0.570057839257305,1.30409403450682,0.671201814058957,3.04137931034483,0.727828738680348,1.57970075385538,0.754285714285714,4.06976744186047,0.759675481225239,3,3,5,7
"jlsp14",1.28605733687438,0.708333333333333,3.42857142857143,0.799072351246751,1.18222300164511,0.657777777777778,2.92207792207792,0.73455645136203,1.47797030126844,0.711758584807492,3.46931407942238,0.71075347474038,1.49729994545765,0.743941326530612,3.90535491905355,0.769459960001007,4,4,7,6
"jlsp15",0.892117870818816,0.520408163265306,2.08510638297872,0.643527014059364,0.900256051268537,0.53125,2.13333333333333,0.649397470347699,0.348832095843032,0.197530864197531,1.24615384615385,0.31752065714278,0.860232244360647,0.505959246443676,2.02412451361868,0.53449234525589,3,3,2,4
"jlsp16",0.914285581467099,0.475,1.90476190476191,0.568077571929657,0.901959005846477,0.502835538752363,2.01140684410646,0.560418639873073,1.92911861386829,0.82380624426079,5.67557003257329,0.776334440584669,1.75299912667098,0.781919379321977,4.58546017014694,0.731057417960216,4,4,11,10
"jlsp17",1.04692215055642,0.56710775047259,2.31004366812227,0.650489305904982,0.730588061371122,0.405,1.68067226890756,0.5270078865364,0.484530647822498,0.216262975778547,1.27593818984547,0.301055818356918,0.437702318095263,0.212006489994592,1.26904598490048,0.31573548185082,4,3,4,3
"johns01",0.831402520495638,0.4765625,1.91044776119403,0.599730146650821,0.749330948168636,0.417009602194787,1.71529411764706,0.540528021453758,0.994923632571775,0.59504132231405,2.46938775510204,0.717685695387267,1.14247201680285,0.639455782312925,2.77358490566038,0.709857775796388,3,3,3,4
"johns02",0.560819199429287,0.257959183673469,1.34763476347635,0.34845656057717,0.518206606150434,0.234056541748849,1.30557939914163,0.321979867720839,0.544599623682167,0.249702734839477,1.33280507131537,0.338378771541748,0.498520030250131,0.221759809750297,1.28495034377387,0.309747910372121,4,4,4,4
"jroth01",0.654669564528501,0.364197530864197,1.57281553398058,0.472244267083103,0.450561208866305,0.277777777777778,1.38461538461538,0.410118486306518,0.729871209983116,0.417777777777778,1.7175572519084,0.526490787565135,0.740011665731101,0.415879017013233,1.71197411003236,0.53380558017512,3,2,3,3
"jroth02",0.450561208866305,0.277777777777778,1.38461538461538,0.410118486306518,0.387212375186361,0.226843100189036,1.29339853300733,0.352455892929974,0.098039113279732,0.0392000000000001,1.04079933388843,0.0892390466509242,0.271189373041844,0.142011834319526,1.16551724137931,0.246847205187025,2,2,2,2
"jroth03",0.58352747177781,0.394448502556611,1.65138721351025,0.531149594626547,0,0,1,0,0.456334432293288,0.225694444444444,1.2914798206278,0.329175711228204,0.900353178957122,0.473333333333333,1.89873417721519,0.559420883527862,2,1,3,4
"jroth04",0,0,1,0,0.410116318288409,0.244897959183674,1.32432432432432,0.373303960385887,1.57181958707557,0.772889417360285,4.40314136125654,0.807755480302442,1.43337400260664,0.739644970414201,3.84090909090909,0.799981262677062,1,2,6,5
"jroth05",0.205470749802306,0.0823902218198278,1.08978786383818,0.148215815893762,0.110453046672598,0.0454299621416983,1.04759206798867,0.100538695781844,0.852423071844826,0.538627269929209,2.16744496330887,0.614893269244933,0.660298387748765,0.467512495194156,1.87797833935018,0.601029493807383,3,2,3,2
"klass01",1.46813993901621,0.743801652892562,3.90322580645161,0.819384501229246,1.28605733687438,0.708333333333333,3.42857142857143,0.799072351246751,1.25899102885542,0.685185185185185,3.17647058823529,0.782255108525021,1.09940597414876,0.60807996668055,2.55154091392136,0.683099339002166,5,4,4,4
"klass02",0.682908104700472,0.489795918367347,1.96,0.621609745079757,0.6765259604935,0.483471074380165,1.936,0.615800467072582,1.20168201910498,0.56,2.27272727272727,0.617542397673582,1.18699292660705,0.625845496618014,2.67269267364415,0.662473365980558,2,2,6,5
"kunde01",0.693147180559945,0.5,2,0.630929753571457,0.690185676018804,0.497041420118343,1.98823529411765,0.628234075968277,0.618940743856973,0.326530612244898,1.48484848484848,0.44647137088329,0.281401839591419,0.149013878743608,1.17510729613734,0.256142992841062,2,2,3,2
"kunde02",0.590842246275583,0.401234567901235,1.67010309278351,0.53780778930835,0.689670928357027,0.496527777777778,1.98620689655172,0.627765532454713,0.818379026284541,0.484429065743945,1.93959731543624,0.590335681394123,0.79560286784258,0.414336648526928,1.70746555591157,0.444034415057591,2,2,3,5
"kunde03",0.286835983056161,0.152777777777778,1.18032786885246,0.261089363385788,0.500402423538188,0.32,1.47058823529412,0.455485915003595,1.74494814684663,0.78393351800554,4.62820512820513,0.757821351382794,1.5477231627682,0.724897959183674,3.63501483679525,0.704399167355283,2,2,9,8
"kunde04",1.12095039267358,0.611570247933884,2.57446808510638,0.696485638876412,0.974314752869349,0.59375,2.46153846153846,0.702819531114783,1.8650378520183,0.821759259259259,5.61038961038961,0.80997564767224,1.73636108861856,0.798518518518519,4.96323529411765,0.790251987224546,4,3,9,8
"lars01",1.56882946438716,0.758136094674556,4.13455657492355,0.754447496090617,1.68434896656643,0.764650283553875,4.24899598393574,0.731503461779244,1.82581773062997,0.781847523106264,4.58394978704326,0.761425134509405,1.73480120148867,0.774715590450248,4.43883357041252,0.753414589005662,7,9,10,9
"lazy04",0.399381503435314,0.174222222222222,1.21097954790097,0.2481496803013,0.353679390227445,0.150051652892562,1.1765420844728,0.219753360782053,1.16460619514757,0.652777777777778,2.88,0.723610514049734,0.84919581447144,0.53186187255251,2.1361216730038,0.527635025812908,4,4,4,4
"lazy05",0.974314752869349,0.59375,2.46153846153846,0.702819531114783,0.585952618303551,0.396694214876033,1.65753424657534,0.533357058124595,1.6570875621547,0.734241741005784,3.76281814828477,0.666861092063993,1.67516309284503,0.72894349926486,3.68926772568772,0.653097921006476,3,2,11,12
"lins01",1.28311004737684,0.66803840877915,3.01239669421488,0.716117352475688,0.975331003796134,0.59750566893424,2.48450704225352,0.703552601200969,1.32088834314932,0.71875,3.55555555555556,0.820714072251238,1.27302833658963,0.691358024691358,3.24,0.790976978207447,5,3,4,4
"lupin01",0.752974682765889,0.442906574394464,1.79503105590062,0.543156420370644,0.429323021930616,0.260355029585799,1.352,0.390786655455221,0.803314976140876,0.48,1.92307692307692,0.579469266175139,0.376770161256437,0.21875,1.28,0.342950980198128,3,2,3,2
"macki01",0.819969683086038,0.5248,2.1043771043771,0.591483097733761,0.821806500831861,0.533163265306122,2.14207650273224,0.592808081660219,0.999388132525201,0.524081632653061,2.10120068610635,0.620954759922199,0.688994851875039,0.337429111531191,1.509272467903,0.428096571201687,3,3,4,4
"mccor01",1.03356205420682,0.545454545454545,2.2,0.642188211313891,0.895332665968091,0.459183673469388,1.84905660377358,0.556301463418367,1.64335229628208,0.764,4.23728813559322,0.74792186162162,1.16139865007429,0.580482262340614,2.38368943725549,0.558514690985773,4,4,8,7
"mccor02",0.900256051268537,0.53125,2.13333333333333,0.649397470347699,0.898137003187868,0.556213017751479,2.25333333333333,0.647868900269006,1.01674830837281,0.472424557752341,1.89546351084813,0.522505270280035,1.74397746575458,0.789256198347107,4.74509803921569,0.838675880422077,3,3,6,7
"mccor05",1.07513932400537,0.583333333333333,2.4,0.668021621523344,1.21538810108361,0.612244897959184,2.57894736842105,0.678321014598707,1.25731309248371,0.630193905817175,2.70411985018727,0.646131114067165,1.04170677940456,0.569412950365331,2.32241076653013,0.581387623336162,4,5,6,5
"mcneil01",1.20920973540783,0.679584120982987,3.12094395280236,0.751324251818469,NA,NA,NA,NA,2.21697393358073,0.85469387755102,6.88202247191011,0.840062816636099,NA,NA,NA,NA,4,NA,13,NA
"mcneil03",0.693147180559945,0.5,2,0.630929753571457,NA,NA,NA,NA,1.66112701608048,0.754710743801653,4.07681940700809,0.756011485223022,1.72332215358187,0.786272189349112,4.67884828349945,0.784317712152627,2,NA,8,8
"mesch01",0.998696022519413,0.603456790123457,2.52179327521793,0.720406899522145,0.93175640178803,0.556213017751479,2.25333333333333,0.672120170088068,1.19884931291362,0.652777777777778,2.88,0.74488695938602,0.926309159895075,0.443786982248521,1.79787234042553,0.5169829856092,3,3,4,5
"mitsu01",0.348832095843032,0.197530864197531,1.24615384615385,0.31752065714278,0.336495757583516,0.188365650969529,1.2320819112628,0.306291638146031,0.693147180559945,0.5,2,0.630929753571457,0,0,1,0,2,2,2,1
"mitsu02",0.964962923007428,0.592592592592593,2.45454545454545,0.696073611832267,1.05492016798614,0.64,2.77777777777778,0.760964047443681,1.2130075659799,0.65625,2.90909090909091,0.753683976628438,0.562335144618808,0.375,1.6,0.511859507142915,3,3,4,2
"mitsu03",0.519579839130515,0.336734693877551,1.50769230769231,0.472941950941057,0.540204142388861,0.355029585798816,1.55045871559633,0.491715000788651,0,0,1,0,0.673011667009257,0.48,1.92307692307692,0.612601619289344,2,2,1,2
"mitsu04",0.831402520495638,0.4765625,1.91044776119403,0.599730146650821,0.668248477664539,0.475308641975309,1.90588235294118,0.608265977503931,1.10423142980395,0.584183673469388,2.40490797546012,0.616283295145463,1.24614469523846,0.579584775086505,2.37860082304527,0.59926892401687,3,2,5,7
"morel01",1.26085339881896,0.689342403628118,3.21897810218978,0.783412264044442,1.21316343903614,0.662131519274376,2.95973154362416,0.753780826003632,0.693147180559945,0.5,2,0.630929753571457,1.33373602720281,0.724489795918367,3.62962962962963,0.828696787181855,4,4,2,4
"morel02",0.450561208866305,0.277777777777778,1.38461538461538,0.410118486306518,0.348832095843032,0.197530864197531,1.24615384615385,0.31752065714278,0,0,1,0,0.376770161256437,0.21875,1.28,0.342950980198128,2,2,1,2
"mroth01",0.731515108414523,0.357638888888889,1.55675675675676,0.454515892016105,0.711386457135417,0.3456,1.5281173594132,0.442009257790828,1.42706104338072,0.716049382716049,3.52173913043478,0.796457933048093,0.672171433675431,0.297839506172839,1.42417582417582,0.375146019998445,4,4,5,5
"mroth02",0.605797499372304,0.41522491349481,1.71005917159763,0.551420647321118,0.548874384484994,0.36281179138322,1.56939501779359,0.499606995248903,1.21655658476726,0.650205761316872,2.85882352941177,0.678973157759503,0.796311640173813,0.448979591836735,1.81481481481481,0.574417427140458,2,2,5,3
"mroth03",0.689009238476659,0.495867768595041,1.98360655737705,0.62716323636974,0,0,1,0,0.994923632571775,0.59504132231405,2.46938775510204,0.717685695387267,NA,NA,NA,NA,2,1,3,0
"mutte01",0.996440669273192,0.536198347107438,2.15609408410549,0.619123398035395,1.1849998864599,0.619598765432099,2.62880324543611,0.661361029095292,1.56808185963993,0.719514251981784,3.56524353577871,0.653940927874618,1.51653756057121,0.723783096311712,3.62034323984931,0.658623894155095,4,5,10,9
"mutte02",0.929098787823591,0.544982698961938,2.19771863117871,0.670203106844521,0.772802246315227,0.442448979591837,1.79355783308931,0.557458984173414,1.0696175329244,0.481856038072576,1.92996555683123,0.549674677139473,1.47145325390898,0.682093425605536,3.14557823129252,0.669687235927827,3,3,6,8
"nelso01",1.03311408751667,0.565,2.29885057471264,0.641909873959784,1.24979579074282,0.6528,2.88018433179723,0.697524311832588,1.84492181748192,0.812207618623301,5.32502965599051,0.801239364875315,1.82011356120127,0.808520635915107,5.22249488752556,0.82836938016043,4,5,9,8
"nelso02",0.585952618303551,0.396694214876033,1.65753424657534,0.533357058124595,0.671713278979916,0.362469135802469,1.56855151045701,0.417358926237808,1.62198218949309,0.737746069493989,3.81309823677582,0.676419111331836,1.69444239941381,0.759625519251038,4.16017539334537,0.735886983968325,2,4,10,9
"otell01",1.46587122323248,0.703601108033241,3.37383177570094,0.753308791746688,1.62756751674017,0.769230769230769,4.33333333333333,0.782694528371003,1.53541778564291,0.744444444444444,3.91304347826087,0.738379875013248,1.7368132045952,0.766206282022722,4.2772748928061,0.724307364169546,6,7,7,10
"pardi01",0.988154224290194,0.515555555555556,2.06422018348624,0.613974740284152,0.907468311453476,0.461734693877551,1.85781990521327,0.563841763911867,1.41170231059912,0.717881944444444,3.54461538461538,0.787886061072321,1.72514929700077,0.762782401902497,4.21553884711779,0.74922282014671,4,4,5,9
"parso01",1.48975031885059,0.755555555555556,4.09090909090909,0.831445483858624,1.48358530599761,0.747933884297521,3.9672131147541,0.828004724672549,1.8469972712647,0.805293005671078,5.13592233009709,0.840604683888932,1.69441959299849,0.778435239973701,4.513353115727,0.814843581334671,5,5,8,7
"peter01",0.286835983056161,0.152777777777778,1.18032786885246,0.261089363385788,0.286835983056161,0.152777777777778,1.18032786885246,0.261089363385788,0,0,1,0,0.934136313922553,0.472,1.89393939393939,0.521351403447588,2,2,1,5
"petsn01",1.10877731676106,0.6144,2.59336099585062,0.688922081550917,0.825956701014978,0.525519848771267,2.10756972111554,0.595801818271658,1.86295626961171,0.814622000905387,5.3943833943834,0.809071627919431,1.7963752235944,0.805840995132504,5.15041782729805,0.817565597128088,4,3,9,8
"petsn02",0,0,1,0,0,0,1,0,1.5889486982521,0.754453765670657,4.0725527831094,0.764122802398427,1.46077872390267,0.735276621058893,3.77752808988764,0.750691764782579,1,1,7,6
"pfend01",0.529706199057654,0.345679012345679,1.52830188679245,0.482159360969681,0.617241769730342,0.42603550295858,1.74226804123711,0.561837671121127,0,0,1,0,0.784348970071057,0.369612856099343,1.58632676709154,0.437753495121183,2,2,1,5
"pfend02",0.429323021930616,0.260355029585799,1.352,0.390786655455221,0.214559155176405,0.104938271604938,1.11724137931034,0.195300159473479,0.344598248102823,0.15625,1.18518518518519,0.248575091818484,0.277113357491456,0.119140625,1.13525498891353,0.199895033308507,2,2,3,3
"phill01",0.680387214419817,0.406666666666667,1.68539325842697,0.490795630063863,0.972439911716149,0.589792060491493,2.43778801843318,0.701467119097695,0.909944722917944,0.52107034129146,2.08798929407829,0.507849819434735,0.991197136610375,0.552800734618917,2.23613963039014,0.509374565465715,3,3,5,6
"phill02",0.887694275799104,0.541666666666667,2.18181818181818,0.640336064760444,1.49417513828931,0.75,4,0.833915022607942,1.65895881333875,0.717155555555556,3.53551225644249,0.667614138937689,1.32380795259187,0.661513809030069,2.95433027011974,0.636617056097889,3,5,11,7
"ponti02",0.377101445870127,0.179398148148148,1.21861777150917,0.272021192934445,0.295820329105933,0.129855507599925,1.14923441880526,0.213389260897635,1.51638467075732,0.678347107438017,3.10894141829394,0.690136404989468,1.66377872299288,0.760344465448435,4.1726555652936,0.757218329047613,3,3,8,8
"redde01",0.955699891112534,0.571428571428571,2.33333333333333,0.689391746743088,0.925129083572082,0.544378698224852,2.19480519480519,0.667339570525797,0.693147180559945,0.5,2,0.630929753571457,0,0,1,0,3,3,2,1
"redde02",1.60520710745546,0.769230769230769,4.33333333333333,0.824913271681503,1.58216994292525,0.764444444444444,4.24528301886792,0.813074511016529,1.36838364013867,0.689213243147027,3.2176403207331,0.658053430553883,1.5762874327102,0.752528256989887,4.04086538461538,0.758034020728865,6,6,7,7
"sawi01",1.02625807099588,0.567901234567901,2.31428571428571,0.637649991383501,0.803712161102951,0.458161865569273,1.84556962025316,0.57975577456269,1.54077907456519,0.76171875,4.19672131147541,0.791803812377048,1.48040657791958,0.745984533016062,3.9367681498829,0.76077848642615,4,3,6,6
"schiek01",0.808059928657367,0.503401360544218,2.01369863013699,0.582892025907537,0.893223951017086,0.541322314049587,2.18018018018018,0.644324882267798,0.579915171418101,0.391111111111111,1.64233576642336,0.527861537140782,0.615990578321199,0.34375,1.52380952380952,0.444343276289159,3,3,2,3
"schiek02",0.693147180559945,0.5,2,0.630929753571457,0.693147180559945,0.5,2,0.630929753571457,1.721402322014,0.78125,4.57142857142857,0.827819531114783,0.960891979667283,0.45679012345679,1.84090909090909,0.536284024820176,2,2,7,5
"sdc01",0.876005765643174,0.540816326530612,2.17777777777778,0.631904586941773,0.636514168294813,0.444444444444444,1.8,0.579380164285695,1.33280331791697,0.642092746730083,2.79401993355482,0.684925415782434,1.25263860439164,0.58390022675737,2.40326975476839,0.64372890238522,3,2,6,6
"sdc02",0.392674467227552,0.231111111111111,1.30057803468208,0.357427703365312,0.419483369306181,0.252400548696845,1.33761467889908,0.381830217660078,1.81474516349061,0.811909262759924,5.31658291457286,0.788133810564587,1.77631297040103,0.78948540877701,4.75026455026455,0.740780045964249,2,2,9,10
"sdc03",1.08253488576348,0.615702479338843,2.60215053763441,0.672616742404351,1.27325451938093,0.648526077097506,2.84516129032258,0.710616877570898,1.22433269406714,0.620351239669422,2.63401360544218,0.629182541990194,1.10765056746165,0.587310022319056,2.4231264486222,0.618191552205868,4,5,6,5
"sdc04",1.30415387604669,0.645,2.8169014084507,0.727862136879654,1.2366848691405,0.680555555555556,3.1304347826087,0.768395512238277,1.33646128925972,0.667965600644988,3.01173613921489,0.608249745176236,1.31409719869884,0.663597692442165,2.97263121427334,0.631947170602966,5,4,8,7
"sdc05",0.443306691468087,0.2176,1.27811860940695,0.319778182686952,0.355712859746894,0.162570888468809,1.1941309255079,0.256592589368638,1.3881696582903,0.694444444444444,3.27272727272727,0.713378086323369,1.23528334354193,0.6809375,3.13418217433888,0.767524695422205,3,3,6,4
"sdc06",0.994923632571775,0.59504132231405,2.46938775510204,0.717685695387267,1.0852280400722,0.657439446366782,2.91919191919192,0.782826555822909,1.44696360607823,0.716049382716049,3.52173913043478,0.743592198632959,1.90987080537749,0.803844784620862,5.09800362976407,0.768588552628498,3,3,6,11
"secret01",1.32816111111843,0.673333333333333,3.06122448979592,0.741260829887308,1.09805609105594,0.587105624142661,2.421926910299,0.682260609479027,1.53453765116516,0.7392578125,3.83520599250936,0.737956619797789,1.56551070100081,0.7464599609375,3.94415021665864,0.752851508264159,5,4,7,7
"secret02",1.12748897285047,0.60321237358715,2.52023988005997,0.629263577067201,1.01902399354449,0.574380165289256,2.3495145631068,0.568728119507869,1.52159509764781,0.746877054569362,3.95064935064935,0.781945198439149,1.35083076272067,0.694383788977203,3.27207773649614,0.694189689784217,5,5,6,6
"secret03",1.2406842919534,0.677685950413223,3.1025641025641,0.770880493350002,1.2968440718789,0.6704,3.03398058252427,0.666446018850606,1.41259414358994,0.725206611570248,3.6390977443609,0.788383802541602,1.70247683718234,0.793877551020408,4.85148514851485,0.774830599813479,4,6,5,8
"skile01",0.786701237916914,0.475308641975309,1.90588235294118,0.567484987301971,0.746032664714785,0.445,1.8018018018018,0.5381488128626,1.46297440427999,0.684027777777778,3.16483516483517,0.703541972667411,1.72305085361649,0.787452677122769,4.70483460559796,0.784194238217295,3,3,7,8
"spaul01",0.685929800252373,0.4928,1.97160883280757,0.624360210902021,0.821806500831861,0.533163265306122,2.14207650273224,0.592808081660219,1.40641086398977,0.706371191135734,3.40566037735849,0.722752211695154,1.44115520325151,0.705,3.38983050847458,0.740607270048491,2,3,6,6
"spaul02",1.2882523050229,0.694214876033058,3.27027027027027,0.800436161637673,1.15698764434527,0.627218934911243,2.68253968253968,0.71887684228555,2.01488151844807,0.844780962682531,6.44250871080139,0.840270858074917,2.03046681328277,0.855029585798817,6.89795918367347,0.881820532696389,4,4,10,9
"spivy01",1.61418100995718,0.745562130177515,3.93023255813953,0.776256979387453,1.69869533295978,0.7616,4.19463087248322,0.773109563073966,1.25701903938397,0.558453743666729,2.26476838079048,0.572094019132039,1.40510949228628,0.709622252401791,3.44379005716265,0.639492888792348,7,8,8,8
"state123",1.32610582895726,0.718336483931947,3.5503355704698,0.82395587845428,1.24698263989776,0.67590027700831,3.08547008547009,0.774793876957845,1.29803567973467,0.705882352941176,3.4,0.806514914123985,1.67202559483599,0.77859375,4.51658433309809,0.804074344636433,4,4,4,7
"sugar01",1.20638502492913,0.641975308641975,2.79310344827586,0.673296302125241,1.14368434112435,0.611796982167353,2.57597173144876,0.63830238420176,1.19729701543428,0.638888888888889,2.76923076923077,0.668224187451965,1.20126133974032,0.646968297937827,2.83260680034874,0.67043671897426,5,5,5,5
"sugar04",1.33598662863755,0.66015625,2.94252873563218,0.642473761276455,1.26906596894599,0.650390625,2.86033519553073,0.652170897799206,1.96080686832596,0.8254,5.72737686139748,0.789086732289621,1.97896307194143,0.821818181818182,5.61224489795918,0.771540797164104,7,6,11,12
"sugar05",0.689009238476659,0.495867768595041,1.98360655737705,0.62716323636974,0.610864302054894,0.42,1.72413793103448,0.556032649876389,1.07899220787758,0.653061224489796,2.88235294117647,0.778328353731412,1.15100047111061,0.557692307692308,2.26086956521739,0.591497234170544,2,2,3,6
"sugar07",1.39933989004374,0.655567117585848,2.90332326283988,0.719118449905346,1.50026484536091,0.684898929845422,3.17358490566038,0.721474884140746,1.53386247642012,0.713786616500941,3.49389671361502,0.69809089714429,1.56987373228819,0.686374630475679,3.1885175664096,0.654688196810251,6,7,8,10
"sugar08",1.13703407010178,0.609382716049383,2.56005056890013,0.634590797274621,1.03239726830281,0.558623811679493,2.26564102564103,0.641464489140447,1.30572786764136,0.672023374726077,3.04899777282851,0.671011386766883,1.83959909482356,0.808700592484376,5.2274077216801,0.76717240977615,5,4,6,10
"sugar09",1.22226692353816,0.643598615916955,2.80582524271845,0.682160158508746,1.38075888515437,0.712018140589569,3.47244094488189,0.770616206509707,1.79912487587865,0.77750088999644,4.4944,0.750293349458522,1.88140787192999,0.793444328824142,4.84130982367758,0.733506829854907,5,5,10,12
"sugar11",1.57409733684897,0.785714285714286,4.66666666666667,0.87852045092143,1.45948187386908,0.737777777777778,3.8135593220339,0.814552343065263,1.48060425067695,0.753864447086801,4.06280193236715,0.826340966019755,1.73762496034865,0.806238185255199,5.1609756097561,0.835620971073292,5,5,5,7
"sugar12",1.05005335858039,0.602076124567474,2.51304347826087,0.652434834837649,0.979299669534951,0.598090277777778,2.48812095032397,0.706415388391137,1.59904580496502,0.77734375,4.49122807017544,0.821746988544826,1.81755221895031,0.82375,5.67375886524823,0.874057857612116,4,3,6,7
"sugar13",0.973108494826542,0.562760261748959,2.28707482993197,0.604626302952452,0.831008842951881,0.504444444444444,2.01793721973094,0.599446168330777,1.40232791135658,0.71875,3.55555555555556,0.782654109237525,1.76776179428604,0.807183364839319,5.18627450980392,0.804543064245696,4,3,5,8
"sugar15",0.566085738959629,0.291666666666667,1.41176470588235,0.40834454415751,0.496415200507117,0.248456790123457,1.3305954825462,0.358087873996759,0,0,1,0,0.977554219587549,0.488125,1.95360195360195,0.502363493022597,3,3,1,6
"sugar16",0.482110283325134,0.214169821525149,1.27253957329663,0.299551961340338,0.380506218477596,0.17687074829932,1.21487603305785,0.27447721721252,1.64374703078841,0.763456790123457,4.22755741127349,0.713870265116263,1.82717832494179,0.801018003581864,5.02558029369967,0.761992546409021,4,3,9,10
"sugar17",1.59192392017873,0.768236380424746,4.31474103585657,0.818087063758604,1.64082478721754,0.778061224489796,4.50574712643678,0.789069927828809,1.89288471772737,0.817174515235457,5.46969696969697,0.822069387787991,2.38981305026659,0.893125867484842,9.3568010936432,0.861942859067833,6,7,9,15
"sugar18",0.306829153440971,0.135204081632653,1.15634218289086,0.221330449034723,0.291139838831965,0.126666666666667,1.14503816793893,0.210013000844044,0.594024165582471,0.321995464852608,1.47491638795987,0.428497858927017,1.39226159693093,0.667296786389414,3.00568181818182,0.715480926807865,3,3,3,6
"sugar19",1.15740381653436,0.62527392257122,2.66861598440546,0.719135424605423,1.10511629355695,0.587289992695398,2.42300884955752,0.686647359937966,0.689009238476659,0.495867768595041,1.98360655737705,0.62716323636974,1.33560313364247,0.630385487528345,2.70552147239264,0.686364236442707,4,4,2,6
"sugar21",0.198821578103019,0.0791336942940442,1.08593396653098,0.143419452375472,0.098039113279732,0.0392000000000001,1.04079933388843,0.0892390466509242,1.57531551489984,0.771468144044321,4.37575757575758,0.809552031816376,1.41886455764407,0.730439831615619,3.70974690360797,0.729152144220475,3,2,6,6
"sugar23",0.562335144618808,0.375,1.6,0.511859507142915,0.551079928086973,0.3648,1.57430730478589,0.501614567551459,0.938421057825077,0.55175490779298,2.23092236230922,0.523742764551638,1.02412949405467,0.597365702479339,2.48364336112893,0.636327432169025,2,2,5,4
"sugar24",0.859967281035505,0.512396694214876,2.05084745762712,0.620335265838344,0.89794572485678,0.54,2.17391304347826,0.647730922119161,1.60229816522703,0.75390625,4.06349206349206,0.770542538999507,1.6338860391267,0.771111111111111,4.36893203883495,0.785733095341936,3,3,7,7
"sugar30",1.03765179979827,0.62396694214876,2.65934065934066,0.748507552869239,0.977320208956467,0.580498866213152,2.38378378378378,0.70498750941103,1.7183922115203,0.79296875,4.83018867924528,0.826371973954183,1.84935386295001,0.81875,5.51724137931035,0.841677214985488,3,3,7,8
"sugar31",1.00191780194077,0.54625,2.20385674931129,0.559180972194013,0.794268077005103,0.517301038062284,2.07168458781362,0.572943307915838,1.03568671948463,0.598079561042524,2.48805460750853,0.643508340075241,1.1382026545843,0.61159169550173,2.57461024498886,0.584920457471722,5,3,4,6
"sugar32",0.689009238476659,0.495867768595041,1.98360655737705,0.62716323636974,0.911017539712563,0.568047337278107,2.31506849315068,0.657160243353089,1.24501688925244,0.6796875,3.1219512195122,0.773572487409276,1.27900751927456,0.670360110803324,3.03361344537815,0.71382768794608,2,3,4,5
"sumtv01",0.636514168294813,0.444444444444444,1.8,0.579380164285695,0.636514168294813,0.444444444444444,1.8,0.579380164285695,1.61379423915285,0.78,4.54545454545455,0.829326184426505,1.52295506753132,0.728395061728395,3.68181818181818,0.782644084707956,2,2,6,6
"sumtv02",0.528968009238471,0.267710929156283,1.36558094312105,0.381569761858624,NA,NA,NA,NA,1.79049115175074,0.788890973916307,4.73688888888889,0.777600427101942,NA,NA,NA,NA,3,NA,9,NA
"svrp01",1.47913280742964,0.745562130177515,3.93023255813953,0.825519737907064,1.34019840657147,0.664819944598338,2.98347107438017,0.747978972394586,1.23692981511413,0.643413925221297,2.80437198962579,0.635656181614872,1.07010935096713,0.613755890991053,2.58903625110522,0.597239400346612,5,5,6,5
"svrp02",1.21538810108361,0.612244897959184,2.57894736842105,0.678321014598707,1.26362567212373,0.63905325443787,2.77049180327869,0.705242915595214,1.0590298262245,0.551797792808829,2.23113582208102,0.544233672216893,1.01401341760368,0.546077504725898,2.20301926080167,0.461497394514403,5,5,6,8
"tell02",0.874092566089695,0.505517977928088,2.02231821454284,0.630524505187756,0.934516806530849,0.51504132231405,2.06203135650988,0.580647938830702,2.32693493450668,0.887614515169542,8.89794622062249,0.821305934968979,2.176888488878,0.86650819845872,7.49109674492458,0.785146556868141,3,4,16,15
"tell03",0.995026990179521,0.592592592592593,2.45454545454545,0.717760252141333,0.686961576597323,0.493827160493827,1.97560975609756,0.6252993742043,1.70609395315265,0.787368421052632,4.7029702970297,0.776476820235194,1.66208695543997,0.7798,4.54132606721163,0.756448372453118,3,2,8,8
"tell04",0.673011667009257,0.48,1.92307692307692,0.612601619289344,0.679193265991526,0.486111111111111,1.94594594594595,0.618228353166282,0.929577688715925,0.491735537190083,1.96747967479675,0.577579092386384,1.21984972406487,0.65469387755102,2.89598108747045,0.757935248474404,2,2,4,4
"terri02",0.787399157435943,0.408203125,1.68976897689769,0.489238603957755,0.639031859650177,0.34,1.51515151515151,0.460964047443681,2.07500679704317,0.863283036122542,7.31438127090301,0.90116400186759,1.75225175309948,0.761856,4.1991400161247,0.760993267276405,4,3,9,9
"terri03",0.934769897858279,0.578512396694215,2.37254901960784,0.674293948006211,1.09130300064685,0.612244897959184,2.57894736842105,0.67806467849162,1.63352635517747,0.732766602137867,3.74204724409449,0.743449883105646,1.64286649535731,0.760370712355939,4.17311260168403,0.685128543349629,3,4,8,10
"votru01",0.800945107153851,0.443288241415192,1.79626168224299,0.49765517573928,NA,NA,NA,NA,1.41903773222781,0.703800154320988,3.37609899055682,0.729241138352001,1.24892678942399,0.644786616228888,2.81520923953802,0.641821406826165,4,NA,6,6
"watki01",1.15030311428718,0.606420927467301,2.54078549848943,0.641996391838669,1.01915803521411,0.568370986920333,2.3168044077135,0.633238491115659,0.763446840265135,0.35707200952192,1.55538414069732,0.36714032347762,0.487239920740991,0.200710059171598,1.25111045306485,0.271933777445535,5,4,7,5
"yahng01",0.689009238476659,0.495867768595041,1.98360655737705,0.62716323636974,0.686961576597323,0.493827160493827,1.97560975609756,0.6252993742043,1.59046360772126,0.7520184544406,4.03255813953488,0.764851319857943,1.81645445874367,0.80865,5.22602560752548,0.788876148060934,2,2,7,9
"yahng02",0.940447988655326,0.48,1.92307692307692,0.584333189487876,1.49417513828931,0.75,4,0.833915022607942,1.76641034107715,0.801355280327831,5.03411317275556,0.736650328775924,1.97208920411766,0.839142900256526,6.21669793621013,0.747270315800666,4,5,10,13
"yahng03",1.08889997534522,0.58,2.38095238095238,0.676571594923088,0.983087758574785,0.513888888888889,2.05714285714286,0.61082676814042,1.19734013399678,0.663265306122449,2.96969696969697,0.743949253802485,1.16232783855742,0.623811679492983,2.65824308062575,0.648707518235236,4,4,4,5
"zen01",1.26299659558514,0.680272108843538,3.12765957446809,0.784743907066906,1.05510161816864,0.636678200692042,2.75238095238095,0.761094936082911,1.47018834359891,0.718568145141572,3.55325803649001,0.66911155043663,1.51885195435577,0.752380120534545,4.03844797178131,0.780535501648488,4,3,8,6
"zen02",1.07023594919308,0.648760330578512,2.84705882352941,0.772012048240975,1.02180767247631,0.613877551020408,2.58985200845666,0.737078430911934,1.75776684847778,0.7978,4.94559841740851,0.799994168374354,1.69008827369497,0.770450328891887,4.35635562086701,0.769192321589598,3,3,8,8
