cat,PLOT_ID,rain04_v,rain04_2d,rain04_3d,rain05_v,rain05_2d,rain05_3d,rain06_v,rain06_2d,rain06_3d,rain07_v,rain07_2d,rain07_3d,rain08_v,rain08_2d,rain08_3d,rain09_v,rain09_2d,rain09_3d,rain10_v,rain10_2d,rain10_3d,rain11_v,rain11_2d,rain11_3d,rain12_v,rain12_2d,rain12_3d,rain14_v,rain14_2d,rain14_3d
1,ANN01,35.53,33.48805,28.95485,40.03,38.91307,34.89428,44.6,49.10816,47.09995,24.33,21.47229,20.71405,21.39,20.00953,20.25879,11.67,13.59258,14.61337,9.61,16.34599,18.12136,45.09,40.18375,37.71358,24.05,19.68728,21.32721,7.53,12.31478,14.34896
2,ANN02,35.53,33.08111,28.7345,40.03,38.4734,34.64434,44.6,49.18976,47.12447,24.33,21.35433,20.60611,21.39,19.8447,20.18343,11.67,13.46138,14.5326,9.61,17.0196,18.54468,45.09,39.45782,37.15549,24.05,19.5129,21.18509,7.53,12.14568,14.19482
3,ANN03,35.53,33.35576,29.33867,40.03,39.1261,35.54028,44.6,50.47512,48.02763,24.33,22.52718,21.53853,14.2,19.04546,19.71763,11.67,10.91798,13.99252,9.61,15.9593,17.77367,45.09,38.8918,36.22105,24.05,20.57703,21.6875,7.53,13.72709,14.96425
4,ANN04,35.53,32.23207,28.25006,40.03,37.34928,33.90409,44.6,48.97977,46.89264,24.33,20.7792,20.11046,21.39,19.7813,20.24537,11.67,13.97641,14.63671,9.61,18.53602,19.56168,45.09,38.2575,36.36811,24.05,18.97303,20.82403,7.53,11.50674,13.87796
5,ANN05,35.53,32.58163,28.60281,40.03,38.01295,34.63978,44.6,50.3715,47.85768,24.33,22.0129,21.08253,14.2,18.85188,19.751,11.67,11.17897,14.02643,9.61,17.50929,18.82819,45.09,37.24052,35.46482,24.05,20.0328,21.32203,7.53,13.07972,14.59087
6,ANN06,35.53,30.44171,27.63658,29.46,34.70391,32.49434,44.6,46.96519,45.52462,24.33,18.61053,18.45026,21.39,20.52497,20.58807,20.99,17.17809,15.25227,29.48,21.64889,21.67164,33.31,37.48632,36.06676,15.52,17.46199,19.88596,7.53,9.504682,12.41282
7,ANN07,35.53,29.57947,27.30216,29.46,33.58268,31.98854,44.6,45.93233,44.82368,24.33,17.63495,17.68443,21.39,20.78908,20.69737,20.99,18.31985,15.50989,29.48,22.92107,22.57554,33.31,37.20776,35.76536,15.52,16.91574,19.47736,7.53,8.77447,11.62097
8,ANN08,35.53,29.94669,27.49533,29.46,34.31303,32.3317,44.6,47.52158,45.84663,24.33,18.65178,18.46192,21.39,20.28158,20.39134,20.99,16.806,15.038,29.48,22.29358,22.00536,33.31,36.69659,35.21233,15.52,17.48093,19.7253,7.53,9.604297,12.27783
9,ANN09,35.53,29.03239,27.2091,29.46,33.42305,31.91806,44.6,47.8981,46.01426,24.33,18.34594,18.19356,21.39,20.1004,20.24146,20.99,16.78025,14.92426,29.48,23.47221,22.72962,33.31,35.55873,34.12103,15.52,17.36795,19.43905,7.53,9.540538,12.01328
10,ANN10,27.01,25.66715,26.35218,29.46,30.73767,30.71256,44.6,46.68586,44.79253,21.94,16.02383,16.27003,21.39,20.62613,20.51304,20.99,18.894,15.52569,29.48,26.85292,25.1029,33.31,34.07979,31.85753,15.52,16.65732,18.59737,7.53,8.573264,11.47119
11,ANN11,27.01,26.69277,26.55105,29.46,31.48246,31.00202,44.6,49.15371,46.58751,21.94,17.66821,17.58897,21.39,19.66865,19.97399,20.99,16.44078,14.72898,29.48,25.93563,24.37769,33.31,32.29159,31.66095,15.52,17.44722,19.04454,7.53,9.858938,11.89877
12,ANN12,35.53,31.60044,28.33922,40.03,36.29657,33.80615,44.6,51.39622,48.47422,24.33,22.28115,21.29404,14.2,17.6097,19.31949,11.67,8.934114,13.53557,9.61,18.96815,19.83774,45.09,32.87103,33.5986,24.05,20.46794,21.38428,7.53,13.99839,14.91591
13,ANN13,27.01,29.36256,27.41059,29.46,33.63494,32.13676,44.6,50.85748,48.01689,21.94,20.23384,19.6834,21.39,18.19558,19.39306,20.99,12.02694,13.79468,29.48,22.83327,22.28201,33.31,31.18061,32.43212,15.52,18.86641,20.17673,7.53,11.89426,13.21327
14,ANN14,27.01,29.5513,27.51957,28.61,33.5551,32.13922,44.6,51.56922,48.47121,21.94,20.86461,20.17053,14.2,17.44701,19.22334,3.59,10.21446,13.53316,29.48,22.53242,22.16833,15.68,29.30487,32.01987,15.52,19.47731,20.55664,7.53,12.85256,13.88851
15,ANN15,27.01,30.26551,27.80005,28.61,34.05482,32.42987,44.6,52.01591,48.60467,21.94,21.82902,20.81561,14.2,16.76183,19.44732,3.59,8.146085,13.61295,9.61,21.32095,21.56754,15.68,28.35039,32.17042,24.05,20.35956,21.19887,7.53,14.13361,15.16185
16,ANN17,27.01,30.22311,28.15092,28.61,33.31911,32.22317,44.6,52.59778,49.12082,21.94,22.90042,21.78966,14.2,15.79681,19.0283,3.59,5.592676,13.06379,9.61,20.68504,21.34591,15.68,25.41622,31.64945,24.05,21.88827,21.98785,7.53,16.50417,16.33457
17,ANN18,27.01,28.00876,27.07889,29.46,32.13884,31.38096,44.6,51.55535,48.23825,21.94,19.77282,19.24788,21.39,17.8186,19.46888,20.99,11.80353,13.88498,29.48,24.53451,23.5267,33.31,28.34802,31.2463,15.52,18.88547,20.07453,7.53,12.10812,13.52504
18,ANN19,27.01,26.45325,26.75475,29.46,31.17504,30.93271,44.6,51.06504,47.67957,21.94,18.50971,18.21434,21.39,18.62516,19.77803,20.99,14.05035,14.35513,29.48,26.11104,24.57952,33.31,28.89178,30.76628,15.52,18.24381,19.57509,7.53,11.1885,13.08047
19,ANN20,27.01,26.39136,26.82286,29.46,31.02482,30.89052,44.6,51.63774,47.99113,21.94,18.79218,18.41996,21.39,18.23201,19.73384,20.99,13.17175,14.24395,29.48,26.173,24.67605,33.31,27.57571,30.51802,15.52,18.5407,19.77953,7.53,11.68609,13.48181
20,ANN21,27.01,27.9147,27.18349,28.61,31.67306,31.19721,44.6,52.3941,48.66501,21.94,20.28981,19.60972,14.2,16.9759,19.43098,3.59,9.98072,13.71966,29.48,24.67854,23.77417,15.68,25.58908,30.77035,15.52,19.50913,20.48212,7.53,13.14623,14.34784
21,ANN22,27.01,24.58129,26.74618,28.61,29.76508,30.44593,44.6,53.53176,48.79541,21.94,18.85968,18.40512,14.2,17.47778,19.72698,3.59,11.61294,14.07112,29.48,27.71656,26.04513,15.68,22.65276,29.25892,15.52,19.42507,20.29377,7.53,13.27454,14.55513
22,ANN23,27.01,26.96708,27.09781,28.61,30.31501,30.59464,44.6,53.51917,49.24557,21.94,20.57458,19.80422,14.2,15.97785,19.31319,3.59,8.089542,13.42469,29.48,25.86382,24.86751,15.68,20.97631,29.84683,15.52,20.35279,20.93408,7.53,14.65533,15.19369
23,ANN24,27.01,28.43864,27.54473,28.61,30.72858,30.78567,44.6,53.30469,49.32195,21.94,22.00983,20.99221,14.2,15.04443,19.10295,3.59,5.419809,13.00907,9.61,24.11124,23.85556,15.68,20.0906,30.36448,24.05,21.57091,21.69957,7.53,16.42171,16.21736
24,ANN25,27.01,28.24341,27.54929,28.61,30.30621,30.57426,44.6,53.37923,49.39882,21.94,22.1608,21.14316,14.2,14.85011,19.01335,3.59,5.003472,12.84744,9.61,24.37983,24.13707,15.68,19.1929,30.22334,24.05,21.91744,21.87463,7.53,17.00286,16.50421
25,ANN27,27.01,28.11994,28.59267,28.61,30.57996,30.89992,44.6,52.6233,49.08342,21.94,23.483,22.443,14.2,16.04864,19.17721,3.59,5.87883,12.92164,9.61,21.82512,22.57173,15.68,23.10537,31.04059,24.05,23.95885,22.92268,7.53,19.85021,18.43481
26,ANN29,27.01,24.71003,26.76251,28.61,28.26712,29.79921,51.36,54.59245,49.82215,21.94,21.00522,20.14374,14.2,15.45575,19.17216,3.59,6.406629,12.6162,30.85,28.75527,27.75644,15.68,16.69929,29.00648,15.52,22.35006,22.06527,7.53,18.1975,17.08591
27,ANN30,27.01,26.4211,27.50486,28.61,28.13664,29.77676,44.6,53.4631,49.22253,21.94,22.32116,21.23298,14.2,14.86945,19.30241,3.59,4.832702,12.50353,9.61,27.24758,26.75724,15.68,17.27587,30.01169,24.05,23.35935,22.63458,7.53,19.56106,18.00586
28,ANN31,27.01,26.47279,27.86559,28.61,27.99097,29.78955,44.6,52.86163,48.81716,21.94,22.85409,21.68798,14.2,15.3437,19.57142,3.59,5.384657,12.59657,32.65,26.77143,26.53411,15.68,19.06275,30.54599,24.05,24.1137,23.00555,7.53,20.5967,18.68978
29,ANN32,27.01,25.13072,27.11344,28.61,27.78232,29.72033,51.36,53.72902,49.33269,21.94,21.86276,20.85016,14.2,15.44335,19.30099,3.59,5.601836,12.20659,30.85,29.13961,28.39278,15.68,17.92953,29.76198,15.52,23.53773,22.77577,7.53,20.05889,18.29068
30,ANN33,27.01,25.56157,27.72701,28.61,27.36154,29.5513,51.36,52.43145,48.58611,21.94,22.83865,21.7717,14.2,16.21471,19.53226,3.59,6.535046,11.96297,32.65,28.86266,28.41288,15.68,21.21264,30.82113,27.503937,24.80533,23.44467,25.299213,21.7725,19.57889
31,ANN34,27.01,23.74829,26.68417,28.61,28.0036,29.99068,51.36,53.83584,49.29278,21.94,21.42092,20.45426,14.2,16.45443,19.43278,3.59,6.77522,11.9942,30.85,30.66225,29.83865,15.68,20.11476,29.68634,27.503937,23.80286,22.99919,25.299213,20.64384,18.71157
32,ANN35,27.01,25.11017,27.63585,28.61,27.33532,29.76219,51.36,52.03902,48.23112,21.94,22.76287,21.65264,14.2,17.02821,19.801,3.59,7.226838,11.61364,32.65,30.62635,30.00545,15.68,23.7345,31.30808,27.503937,25.22812,23.78946,25.299213,22.50629,20.16297
33,ANN36,35.53,28.26483,26.82667,29.46,32.36059,31.43386,44.6,45.53475,44.42371,24.33,16.79218,16.96655,21.39,20.84434,20.68181,20.99,18.97444,15.62628,29.48,24.52249,23.62339,33.31,36.45215,34.54567,15.52,16.54611,18.99658,7.53,8.30815,11.09667
34,ANN37,27.01,26.10473,27.02111,28.61,28.72805,29.88078,44.6,54.19543,49.73224,21.94,21.35335,20.461,14.2,14.97415,19.04548,3.59,5.711926,12.69638,29.48,27.27164,26.43195,15.68,16.67341,29.29914,15.52,22.01427,21.87017,7.53,17.49778,16.6802
35,ANN38,27.01,26.99323,27.9491,28.61,28.52239,29.95398,44.6,52.87458,48.89851,21.94,22.97385,21.81051,14.2,15.23427,19.48709,3.59,5.170743,12.73216,9.61,25.56936,25.54113,15.68,19.19783,30.57139,24.05,23.92528,22.89491,7.53,20.1935,18.47283
36,APGAR01,33.96,32.64143,29.96816,44.4,45.26345,38.87362,29.88,43.5443,42.29266,3.99,2.304205,8.162462,18.48,19.66832,21.60584,2.89,5.310599,8.867201,21.55,19.02609,22.77773,20.05,21.48108,22.63841,28.114173,25.50596,23.38206,12.33,13.15853,17.13468
37,ARBIT01,26.82,30.5887,28.27238,36.86,37.24013,35.86402,29.88,37.73333,39.49115,23.61,24.98924,22.8076,28.12,26.03632,24.94759,24.8,14.65104,13.81712,33.12,33.68927,32.6563,39.22,28.95165,30.57588,19.69,23.20557,22.68345,12.33,14.39985,16.87837
38,ARBIT02,33.56,31.273,29.16301,34.5,35.86578,35.50224,29.88,39.0105,40.1031,23.39,25.15336,23.11404,18.99,23.73895,23.9633,1.61,10.6552,10.25688,33.12,33.4036,32.49855,13.38,23.47437,28.23343,19.69,23.98948,23.22591,12.33,13.08897,15.55969
39,ARBIT03,33.56,31.98086,29.01228,34.5,36.24796,35.72758,29.88,38.9244,39.94027,23.39,25.52862,23.28869,18.99,24.32281,24.2143,1.61,10.08944,10.1073,33.12,34.03542,33.07327,13.38,24.55564,29.32689,19.69,24.40271,23.47522,12.33,14.2572,16.16611
40,ARBIT04,33.56,31.12839,28.55609,34.5,36.81451,35.86651,29.88,38.23973,39.68113,23.39,25.19659,23.13046,18.99,25.29892,24.77984,1.61,12.876,12.22279,33.12,33.71514,32.81001,13.38,27.05658,29.92975,19.69,23.63182,22.956,12.33,14.12514,16.43559
41,ARBIT05,27.74,31.46107,28.18892,39.03,37.74366,35.88246,29.88,37.80313,39.37393,23.39,25.17901,22.46445,27.47,26.34822,24.52893,1.61,12.70062,13.27994,33.12,34.19629,32.93967,13.38,28.85415,30.84943,19.69,24.08408,23.1591,12.33,15.86375,17.45399
42,ATHEA02,33.56,32.82653,29.61941,34.5,35.67654,35.54558,29.88,39.61205,40.21331,23.39,25.77874,23.35794,18.99,23.4358,23.65379,1.61,7.455568,8.212852,40.598425,34.58623,33.48173,13.38,22.74684,29.17551,28.114173,25.15358,24.02558,12.33,14.69079,16.1036
43,BACKM02,14.76,18.98742,29.14174,13.96,13.66987,22.14714,56.2,54.58951,50.56496,17.07,17.73793,17.99599,35.55,28.37065,26.53032,30.66,27.25204,22.73252,9.61,14.9946,20.07193,20.28,23.85344,32.00015,24.05,27.10341,23.14121,26.94,26.3189,21.51447
44,BACKM03,14.76,17.04701,29.1993,13.96,14.22909,22.51377,56.2,53.71598,49.85916,17.07,16.84296,17.44147,35.55,29.81609,27.31718,30.66,26.48474,22.98702,9.61,16.43394,21.1953,20.28,19.5823,30.64289,24.05,27.11326,23.12895,26.94,26.68755,21.73155
45,BACKM04,14.76,17.24857,29.29352,13.96,16.0935,22.72026,56.2,53.0652,49.49431,17.07,16.5771,17.27605,35.55,30.75618,28.12838,19.99,25.50297,23.23189,32.65,17.36362,21.78361,20.28,18.28457,29.67559,24.05,27.13464,23.16534,26.94,26.7436,22.25993
46,BACKM05,14.76,16.94689,29.23662,13.96,14.27525,21.63781,56.2,53.85606,50.23063,17.07,17.12191,17.63219,35.55,29.53157,27.47262,30.66,26.51484,23.25985,9.61,16.23519,20.87646,20.28,19.98179,30.76128,24.05,27.13845,23.16329,26.94,26.62416,22.19518
47,BADGE01,35.53,36.32812,31.64265,40.03,37.32925,34.96626,56.2,52.70284,50.22665,24.33,23.60906,22.36305,14.2,21.8002,21.7509,11.67,15.61069,17.41273,9.61,9.037115,13.65616,45.09,46.07858,38.98736,24.05,24.75956,23.43029,26.94,19.64774,19.44507
48,BELTA01,40.68,47.5652,31.5767,34.02,39.61308,34.47177,56.2,47.5573,44.50362,20.42,14.37973,15.48749,35.55,31.48755,28.99146,19.99,16.75143,16.31674,34.73,24.99276,27.84447,35.12,28.01468,27.9859,28.114173,27.16038,23.80616,21.192913,21.99549,20.29368
49,BELTA02,40.68,47.74451,31.62896,34.02,39.87261,34.62751,56.2,47.31853,44.33882,20.42,14.03916,15.20819,35.55,30.7185,28.54697,19.99,16.06256,15.65154,34.73,25.15025,27.95678,35.12,28.16816,28.03584,28.114173,27.15449,23.85892,21.192913,21.55574,20.10066
50,BELTA03,40.68,47.7757,31.70387,34.02,40.42793,34.90486,56.2,47.04782,44.157,20.42,13.20642,14.62307,35.55,29.9886,28.20641,19.99,15.01996,15.04663,34.73,24.72976,27.6729,35.12,27.91362,27.74676,28.114173,27.07146,23.84356,21.192913,21.01955,19.87841
51,BELTA04,46.97,47.36481,31.80505,34.02,41.00946,35.32577,56.2,46.66452,43.91248,20.42,12.1194,13.83333,25.64,28.75108,27.50256,19.99,13.60907,14.01799,34.73,24.37528,27.39824,20.05,27.64548,27.44265,28.114173,26.98974,23.86359,21.192913,20.22956,19.55656
52,BELTA07,46.97,45.33663,31.79371,29.24,36.71111,33.51167,56.2,47.5699,44.53059,20.42,17.24362,17.23918,25.64,29.72439,27.61721,23.18,18.38353,15.01666,34.73,28.94661,30.35225,35.12,31.16704,30.10864,28.114173,27.58523,24.3477,21.192913,22.22648,20.43316
53,BELTA08,46.97,47.75853,35.72617,29.24,38.50035,35.04618,56.2,46.54461,43.89611,20.42,15.34185,15.77416,25.64,27.30025,26.40986,23.18,13.42591,12.0148,34.73,28.95905,30.51668,35.12,30.66723,29.5148,28.114173,27.47827,24.62883,21.192913,20.28611,19.77695
54,BERGE01,27.74,27.98632,27.46283,39.03,35.04213,34.8329,29.88,43.47098,41.87775,23.39,23.35733,21.52192,27.47,24.20732,22.80231,7.15748,6.63488,9.113213,35.208661,36.15353,35.87966,46.393701,46.13343,34.68876,27.503937,27.28849,26.14815,25.299213,24.30561,22.47036
55,BOUV01,33.56,39.34914,34.47726,34.5,37.81245,37.4721,29.88,43.61768,42.31524,23.39,16.33242,16.35641,18.99,19.53,20.80345,1.61,0.817204,4.204007,21.55,31.65009,31.12751,13.38,22.03201,26.14441,28.114173,26.98755,25.19572,12.33,14.62908,16.04287
56,BOUV02,33.56,37.50975,33.22954,34.5,38.35631,37.91272,29.88,43.34409,42.19044,23.39,15.2838,15.66414,18.99,18.84293,20.45701,1.61,0.734097,4.139861,21.55,30.37024,30.13682,13.38,19.48846,24.91502,28.114173,26.73583,24.90679,12.33,13.71116,15.60178
57,BOUV03,33.96,36.60097,33.08345,44.4,39.5009,38.79929,29.88,43.32536,42.19157,3.99,13.29815,14.34481,18.48,18.53914,20.21098,2.89,1.022777,4.139107,21.55,28.71939,29.00356,20.05,18.84324,23.86578,28.114173,26.56532,24.67456,12.33,13.22822,15.44298
58,BOUV09,33.96,41.00526,32.84462,44.4,42.51629,39.73231,29.88,44.51824,42.7613,3.99,8.779598,11.37452,18.48,20.93812,22.02993,2.89,4.219018,6.849893,21.55,25.60089,27.46591,20.05,23.94753,25.14014,28.114173,26.78636,24.41491,21.192913,15.36981,17.2218
59,BOWES01,26.82,29.88486,28.49243,36.86,36.63576,35.72502,29.88,38.03209,39.8047,23.61,24.55589,22.86772,28.12,25.41044,24.9669,24.8,15.52928,13.99846,33.12,32.9948,32.15818,39.22,28.56288,29.68966,19.69,22.57146,22.3529,12.33,12.88977,16.14303
60,BOWES02,26.82,29.56114,28.28442,36.86,36.98198,35.85875,29.88,37.58773,39.59823,23.61,24.55326,22.84257,28.12,26.15212,25.33336,24.8,17.00837,15.14884,33.12,33.20108,32.30924,39.22,30.48992,30.64622,19.69,22.27231,22.14684,12.33,13.39596,16.51021
61,BOWES03,26.82,29.36247,28.62143,36.86,36.38266,35.56174,29.88,38.26612,40.04661,23.61,23.83301,22.49391,28.12,24.97326,24.72481,24.8,16.01211,14.31033,33.12,32.25028,31.54955,39.22,28.35163,28.83872,19.69,22.13172,22.17773,12.33,11.89631,15.77739
62,BUSH01,27.74,28.11071,27.69128,39.03,39.10288,36.36156,29.88,37.43509,38.51245,23.39,23.61541,21.19811,27.47,27.35703,23.87373,7.15748,10.67307,12.84465,35.208661,34.59192,33.8527,46.393701,34.65572,31.86452,27.503937,25.8739,24.17885,25.299213,21.14929,19.05773
63,COCHR01,33.56,40.78696,34.9062,34.5,37.77825,37.32354,29.88,43.88936,42.44716,23.39,16.46134,16.44341,18.99,20.11717,21.16096,1.61,1.218603,4.605968,40.598425,32.08865,31.52266,13.38,24.15925,26.94785,28.114173,27.14009,25.32193,12.33,15.28782,16.51564
64,COOK01,19.17,17.89793,22.94538,32.17,32.11108,32.54882,29.88,31.19311,33.71933,6.44,15.99573,15.86699,15.58,16.16882,19.63967,22.84,19.02955,16.83971,32.83,32.47968,31.82554,14.52,15.21052,22.84911,27.503937,24.39322,22.78359,25.299213,19.75781,18.86121
65,COOK02,19.17,17.68969,23.66891,32.17,32.62167,32.93969,29.88,30.21058,33.32301,6.44,16.88233,16.57109,15.58,16.51153,20.07521,22.84,18.39064,16.70405,32.83,32.83986,32.11854,14.52,16.02382,23.85085,27.503937,24.56527,22.93201,25.299213,20.29076,19.11794
66,DOMAN01,27.74,27.47828,27.44826,39.03,35.86963,35.18909,29.88,42.41514,41.15891,23.39,23.25243,21.28932,27.47,24.71666,22.98343,7.15748,7.194899,9.93459,35.208661,35.76926,35.47019,46.393701,45.11102,34.01432,27.503937,27.16388,25.80532,25.299213,24.0768,21.61022
67,ELIOT01,27.74,29.80437,27.91897,39.03,38.20862,36.16681,29.88,36.75237,38.83509,23.61,24.57966,22.49906,27.47,27.1492,25.29265,24.8,15.98295,14.94913,33.12,33.9388,32.95793,39.22,31.05382,31.61572,19.69,23.20435,22.63343,12.33,15.99399,17.50411
68,FERRA01,33.96,29.49262,30.57503,44.4,40.90565,37.8039,29.88,41.85299,41.63966,3.99,9.749149,12.13021,18.48,18.89886,19.32947,2.89,5.508954,5.788435,21.55,23.0351,24.52779,20.05,18.83989,18.50463,28.114173,24.60982,23.32006,12.33,9.90259,14.84095
69,FOP04,15.503906,19.02085,26.83876,39.03,36.78917,35.13531,29.88,36.68261,37.6751,23.39,20.76906,19.29966,27.47,23.4275,22.60165,7.15748,13.45553,13.85437,35.208661,33.74267,33.51741,46.393701,32.02384,30.23597,27.503937,25.93234,24.1424,25.299213,23.08059,19.80424
70,FOP324,15.503906,17.96392,26.34625,39.03,36.63478,35.20724,29.88,34.58087,36.33568,23.39,20.33564,19.06819,27.47,22.69151,22.48158,7.15748,14.64628,14.44415,32.83,33.60727,33.34202,14.52,28.38626,29.42693,27.503937,25.57479,23.87011,25.299213,22.49186,19.84377
71,FOP333,15.503906,17.8256,26.38217,39.03,36.64371,35.18792,29.88,33.34249,35.68528,23.39,20.23701,19.01118,27.47,22.49533,22.51803,7.15748,15.20012,14.96409,32.83,33.57998,33.14589,14.52,26.82748,29.08545,27.503937,25.32384,23.6512,25.299213,22.04535,19.5855
72,FOP340,15.503906,17.10154,25.57938,32.17,35.68598,34.75953,29.88,31.58604,34.45984,23.61,19.50644,18.54598,15.58,20.87318,22.02415,7.15748,16.3091,15.68705,32.83,33.46217,32.91325,14.52,23.51115,27.77604,27.503937,24.97714,23.38844,25.299213,21.48314,19.58242
73,FRIDE01,28.65,28.12153,29.15593,29.24,28.93773,31.13224,51.36,48.81013,45.67943,20.42,23.59108,22.08293,25.64,21.43918,21.78697,23.18,10.04859,10.20028,32.65,35.99363,34.69498,35.12,38.01232,34.81445,28.114173,27.27341,25.58037,21.192913,24.60808,22.40829
74,GANAY01,33.96,41.28366,30.9715,44.4,43.71991,38.47077,56.2,44.94076,42.94256,3.99,6.616823,10.33439,18.48,22.47715,23.38764,2.89,6.663896,9.53166,21.55,22.80463,25.81822,20.05,24.54985,25.40454,28.114173,26.59568,23.93781,21.192913,16.22381,17.9438
75,GANAY02,33.96,40.0759,30.90869,44.4,44.12909,38.86216,56.2,44.76542,42.85503,3.99,5.775018,9.823387,18.48,21.91404,23.05042,2.89,6.176257,9.208314,21.55,22.23534,25.36228,20.05,23.94577,24.94208,28.114173,26.48645,23.88218,21.192913,15.78655,17.7871
76,GARD01,33.96,33.1814,29.9072,44.4,45.25308,38.53831,29.88,43.6903,42.34939,3.99,2.25311,8.233837,18.48,20.04954,21.9128,2.89,5.668878,9.33516,21.55,18.87146,22.77873,20.05,21.88808,23.05334,28.114173,25.54802,23.36629,12.33,13.53357,17.29248
77,HALLO01,33.96,42.79993,31.11266,44.4,43.11102,38.01583,56.2,45.14936,43.0515,3.99,7.833091,11.05849,18.48,23.15151,23.76791,2.89,7.268141,9.848692,21.55,23.69272,26.49252,20.05,25.34621,25.99084,28.114173,26.74216,24.03108,21.192913,16.75542,18.12939
78,HALOW02,26.82,28.98933,28.17795,36.86,37.01127,36.00994,29.88,37.35241,39.55418,23.61,24.31839,22.90739,28.12,26.54587,25.79459,24.8,18.63164,16.29607,33.12,33.0858,32.2947,39.22,32.16346,31.24427,19.69,21.74776,21.79599,12.33,13.27321,16.4439
79,HOOD01,39.03,38.29523,30.30693,15.59,20.05422,21.89476,56.2,55.62165,53.0357,17.07,19.86672,19.52581,35.55,25.25118,24.96996,30.66,27.73114,23.55795,9.61,10.58947,16.02108,45.11,45.78252,38.39249,24.05,26.50697,23.19071,26.94,23.78278,22.08927
80,HOOD02,39.03,35.53201,29.62033,15.59,21.16022,23.3342,56.2,55.43951,52.45726,17.07,20.31395,19.78144,35.55,25.10199,24.78886,30.66,26.38866,22.56352,9.61,10.51447,16.04182,45.11,43.67605,37.36742,24.05,26.54876,23.2411,26.94,23.80683,21.66082
81,HOOD03,14.76,19.79189,29.0526,13.96,15.76247,23.71743,56.2,54.5984,50.28122,17.07,18.68582,18.543,35.55,27.54511,25.8567,30.66,26.26075,21.74378,9.61,14.47174,19.67967,20.28,25.98302,32.49051,24.05,27.10589,23.18047,26.94,25.91714,20.9778
82,HOOD04,14.76,22.41115,29.14978,13.96,16.73466,22.86056,56.2,54.88445,51.04015,17.07,19.19628,18.94341,35.55,26.81437,25.7667,30.66,26.13435,22.10409,9.61,13.54182,18.6875,20.28,29.58847,33.29839,24.05,27.02364,23.2278,26.94,25.52311,21.5096
83,HOOD05,14.76,20.42689,29.03225,13.96,18.73889,24.9487,56.2,54.27744,50.0539,17.07,19.65891,19.14168,35.55,26.7068,25.43501,30.66,24.57287,21.00502,9.61,14.33476,19.37327,20.28,27.69904,32.70492,24.05,27.05368,23.24939,26.94,25.44386,20.8541
84,HOOD07,14.76,17.29701,29.20282,13.96,19.61822,23.41936,56.2,53.14576,49.88017,17.07,19.02649,19.00544,35.55,28.3923,27.14993,30.66,24.20667,21.92163,32.65,17.29406,20.86951,20.28,22.63924,30.78815,24.05,27.24999,23.40914,26.94,26.00657,22.92488
85,JLSP01,33.56,35.38437,30.34475,34.5,34.98535,35.28226,29.88,41.31313,40.91563,23.39,25.86805,23.18978,18.99,22.99217,23.07767,1.61,2.756499,6.025086,40.598425,37.00049,35.3056,13.38,28.3213,31.70537,28.114173,26.8303,25.53104,12.33,17.77287,17.97639
86,JLSP02,33.56,35.78783,30.45441,34.5,34.86082,35.2063,29.88,41.67314,41.08784,23.39,25.77822,23.12855,18.99,23.04974,23.03805,1.61,2.264507,5.882466,40.598425,37.46194,35.66856,13.38,30.66874,32.32268,28.114173,27.0707,25.80235,12.33,18.44808,18.46998
87,JLSP03,27.74,33.20103,28.48105,39.03,37.12753,36.38927,29.88,40.32509,40.10714,23.39,25.18973,22.71523,27.47,25.81847,23.90299,7.15748,5.680134,8.538789,35.208661,36.33501,35.42707,46.393701,36.61116,33.45212,27.503937,26.7962,25.42915,25.299213,20.62339,19.84797
88,JLSP04,27.74,34.49462,29.55703,39.03,36.12365,35.94055,29.88,40.43127,40.36256,23.39,25.88944,23.30042,27.47,24.43381,23.71181,1.61,4.776847,7.221879,35.208661,36.37721,35.13197,13.38,29.97611,32.1256,27.503937,26.49426,25.19605,12.33,18.24417,18.36576
89,JLSP05,33.56,34.11235,29.79696,34.5,35.68066,35.64575,29.88,40.21684,40.37739,23.39,25.99277,23.37977,18.99,23.62082,23.53469,1.61,5.241254,7.177927,35.208661,35.7621,34.46483,13.38,25.38519,30.68353,27.503937,26.04523,24.76139,12.33,16.53021,17.17851
90,JLSP06,27.74,33.81503,29.01452,39.03,36.63398,36.12097,29.88,39.67464,40.01133,23.39,25.85657,23.26263,27.47,24.91008,24.01916,1.61,6.57903,8.434417,35.208661,35.62786,34.51377,13.38,28.27057,31.49467,27.503937,25.93164,24.62354,12.33,17.41903,17.85724
91,JLSP07,27.74,33.24323,28.94671,39.03,36.65762,36.05633,29.88,39.25335,39.88763,23.39,25.82106,23.3086,27.47,24.86427,24.17474,1.61,7.958315,9.118124,35.208661,35.04946,34.00087,13.38,26.56388,30.77677,27.503937,25.38478,24.17042,12.33,16.33897,17.25024
92,JLSP08,27.74,33.34657,28.70952,39.03,37.18364,36.36167,29.88,39.17402,39.73138,23.39,25.68807,23.17729,27.47,25.55609,24.30339,1.61,7.854813,9.295929,35.208661,35.29678,34.32614,13.38,28.85512,31.57294,27.503937,25.65266,24.37293,12.33,17.46794,17.92722
93,JLSP10,27.74,33.34931,28.51802,39.03,37.45189,36.5042,29.88,39.30292,39.70338,23.39,25.52828,22.98346,27.47,25.92751,24.24562,1.61,7.379139,9.31319,35.208661,35.55808,34.61163,13.38,31.01573,32.17233,27.503937,25.98835,24.63245,12.33,18.51982,18.5271
94,JLSP13,27.74,30.70961,27.79655,39.03,37.98049,36.70164,29.88,39.61056,39.55135,23.39,24.34494,22.06513,27.47,26.59219,23.93039,7.15748,7.470741,9.909798,35.208661,35.59871,35.11025,46.393701,38.4447,33.39838,27.503937,26.66896,25.22197,25.299213,21.71433,20.28714
95,JLSP14,27.74,30.21771,27.74249,39.03,38.29647,36.66003,29.88,39.14257,39.31229,23.39,24.2089,21.86484,27.47,26.83644,23.92907,7.15748,8.150537,10.64837,35.208661,35.34229,34.79718,46.393701,37.58779,32.99881,27.503937,26.50583,24.9599,25.299213,21.58937,19.91831
96,JLSP15,27.74,27.88713,27.61253,39.03,37.95795,36.09925,29.88,39.46436,39.44506,23.39,23.4839,21.20402,27.47,26.35557,23.51112,7.15748,8.556705,11.40499,35.208661,35.13163,34.63251,46.393701,39.90451,32.75901,27.503937,26.68612,24.98312,25.299213,22.74743,20.03062
97,JLSP16,27.74,29.47739,27.87034,39.03,36.74567,35.46836,29.88,41.29831,40.55589,23.39,23.87335,21.44257,27.47,25.54166,23.2969,7.15748,6.62714,10.58239,35.208661,35.9955,35.12921,46.393701,43.4942,33.41416,27.503937,27.13903,25.4432,25.299213,23.24146,20.27875
98,JLSP17,27.74,25.82286,27.39887,39.03,36.96195,35.52855,29.88,40.64666,40.04877,23.39,22.84138,20.80698,27.47,25.29979,23.1074,7.15748,8.740318,11.3353,35.208661,35.02858,34.74805,46.393701,42.1689,32.85757,27.503937,26.84666,25.203,25.299213,23.72811,20.58595
99,JOHNS01,39.03,29.55616,29.51164,15.59,25.55111,26.58835,56.2,54.41448,51.4337,24.33,21.61189,20.77523,14.2,24.27812,24.15216,30.66,21.81565,20.55398,9.61,11.10086,15.96605,45.11,38.61841,35.76957,24.05,26.46035,23.44016,26.94,23.47945,21.5755
100,JOHNS02,14.76,25.22783,29.20027,13.96,21.3199,24.72693,56.2,54.59278,51.07987,17.07,20.57514,19.91203,35.55,25.44559,24.98812,30.66,23.71673,21.17768,9.61,12.53528,17.53555,20.28,33.68668,34.21275,24.05,26.81423,23.33742,26.94,24.58386,21.48066
101,JROTH01,15.503906,19.16747,26.78163,39.03,36.03267,34.71769,29.88,39.26344,39.09737,21.94,20.70248,19.2616,27.47,23.08222,22.36982,7.15748,12.869,13.28715,35.208661,33.80276,33.71755,46.393701,34.66284,30.56017,27.503937,26.13606,24.40468,25.299213,23.61092,20.13373
102,JROTH02,15.503906,20.55633,26.79204,39.03,36.25816,34.952,29.88,39.91191,39.47927,23.39,21.20902,19.65768,27.47,23.69184,22.52444,7.15748,11.82762,12.6774,35.208661,34.03185,34.03883,46.393701,37.15031,31.24586,27.503937,26.33622,24.67119,25.299213,23.81541,20.47837
103,JROTH03,15.503906,20.8959,27.26385,39.03,37.03677,35.10155,29.88,38.25758,38.6986,23.39,21.41088,19.6534,27.47,24.29807,22.78652,7.15748,12.02278,13.43797,35.208661,34.0123,33.6678,46.393701,35.79189,30.97002,27.503937,26.24359,24.35208,25.299213,23.44776,19.63038
104,JROTH04,15.503906,20.33661,27.1032,39.03,37.43887,35.40929,29.88,36.56697,37.71943,23.39,21.28536,19.6231,27.47,24.38352,22.88216,7.15748,12.8721,13.79404,35.208661,33.87434,33.54602,46.393701,33.12008,30.63823,27.503937,25.97691,24.14983,25.299213,22.95137,19.60225
105,JROTH05,15.503906,19.07904,26.80437,39.03,37.31895,35.45729,29.88,34.67093,36.57284,23.39,20.84904,19.39225,27.47,23.74671,22.82175,7.15748,14.16851,14.43731,32.83,33.70509,33.32344,14.52,29.66533,29.94915,27.503937,25.5856,23.85312,25.299213,22.37658,19.55291
106,KLASS01,26.82,29.308,27.91153,36.86,37.90061,36.14963,29.88,36.67683,38.9238,23.61,24.51229,22.67162,28.12,27.13822,25.65178,24.8,17.47769,15.76603,33.12,33.76721,32.83298,39.22,31.88347,31.82594,19.69,22.60504,22.27246,12.33,15.29068,17.26252
107,KLASS02,26.82,28.70805,27.78336,36.86,37.91626,36.20734,29.88,36.34417,38.7746,23.61,24.31862,22.63928,28.12,27.33174,25.92355,24.8,18.58105,16.57431,33.12,33.7383,32.8372,39.22,32.79369,32.22761,19.69,22.29216,22.06511,12.33,15.37082,17.31158
108,KUNDE01,28.65,30.72247,31.13927,29.24,30.21492,30.23724,56.2,49.43422,46.02689,20.42,20.52127,19.88853,35.55,28.80095,27.38703,23.18,24.13133,17.07262,32.65,29.08083,29.82997,35.12,31.76394,31.30215,28.114173,27.68442,24.28676,21.192913,24.62861,21.97948
109,KUNDE02,28.65,32.34512,31.35479,29.24,30.85308,30.57104,56.2,49.22846,45.8434,20.42,20.32868,19.69994,25.64,29.10452,27.52312,23.18,23.91732,16.93031,32.65,29.35138,30.10281,35.12,31.96999,31.289,28.114173,27.70822,24.31664,21.192913,24.47529,21.83072
110,KUNDE03,40.68,34.19484,30.63538,34.02,31.98719,31.14606,56.2,49.60016,46.12843,20.42,18.57198,18.47112,35.55,31.95962,28.80752,19.99,23.58561,18.91859,32.65,26.11045,27.90682,35.12,28.36112,29.61089,28.114173,27.56158,23.86251,26.94,24.85633,21.68356
111,KUNDE04,40.68,31.69758,30.73253,34.02,30.80012,30.55265,56.2,49.87235,46.4079,20.42,18.92424,18.77335,35.55,31.45424,28.77919,19.99,24.03428,19.14925,32.65,25.88559,27.64732,35.12,28.20076,29.70788,28.114173,27.56671,23.86585,26.94,25.06471,22.01058
112,LARS01,33.96,33.11598,29.94477,44.4,45.33593,38.82379,29.88,43.66352,42.34014,3.99,2.289756,8.237291,18.48,19.79159,21.79982,2.89,5.315764,9.087612,21.55,19.09102,22.90762,20.05,21.60768,22.96473,28.114173,25.59107,23.40588,12.33,13.39402,17.22762
113,LAZY04,28.65,41.16481,31.96284,29.24,34.51005,32.42771,56.2,48.17631,44.98538,20.42,18.76956,18.38672,25.64,29.96692,27.86981,23.18,21.07405,15.87667,32.65,29.65394,30.70562,35.12,31.97626,30.77992,28.114173,27.69741,24.39353,21.192913,23.25309,21.02347
114,LAZY05,28.65,40.6984,31.60124,29.24,34.76177,32.47235,56.2,48.49199,45.22009,20.42,18.27762,18.1211,35.55,31.08113,28.52625,23.18,21.7133,16.96293,32.65,28.24945,29.73707,35.12,30.59885,30.1234,28.114173,27.61752,24.16354,21.192913,23.62513,21.15622
115,LINS01,15.503906,16.73193,25.85645,32.17,35.50364,34.58979,29.88,32.75403,35.20752,23.39,19.3906,18.41022,15.58,20.70189,21.9262,7.15748,16.05243,15.28139,32.83,33.44027,32.98229,14.52,24.01093,27.9799,27.503937,25.22504,23.54174,25.299213,21.94133,19.65039
116,LUPIN01,27.74,30.46874,28.13788,39.03,37.65831,35.99935,29.88,37.39124,39.25442,23.61,24.90761,22.7257,27.47,26.53728,25.09774,24.8,15.06928,14.20082,33.12,33.84631,32.82143,39.22,29.8574,31.05616,19.69,23.2513,22.68803,12.33,15.08483,17.15204
117,MACKI01,17.02,21.6243,23.93632,29.46,29.3748,29.97026,44.6,43.85828,42.56809,6.44,13.25431,13.91771,21.39,21.33921,20.6118,20.99,20.12283,16.03832,29.48,28.73918,26.86837,33.31,32.85548,29.32207,15.52,16.61155,17.95273,7.53,8.187615,10.07683
118,MCCOR01,39.03,35.74636,29.76102,15.59,13.26975,19.42022,56.2,55.35788,52.68232,17.07,17.19551,17.56741,35.55,26.95009,26.52326,30.66,30.87012,26.27726,9.61,13.53798,19.10927,45.11,40.54582,35.61822,24.05,26.54816,22.94408,26.94,25.22581,22.63803
119,MCCOR02,39.03,32.38799,29.36629,15.59,12.48505,20.25454,56.2,55.16917,52.02749,17.07,16.8884,17.36526,35.55,27.38334,26.64931,30.66,30.5283,25.61169,9.61,14.03197,19.64986,45.11,37.14652,34.28785,24.05,26.61657,22.94245,26.94,25.60529,22.21366
120,MCCOR05,39.03,32.9811,29.38886,15.59,12.7155,20.50875,56.2,54.97207,51.92154,17.07,16.74495,17.26005,35.55,27.39912,26.70324,30.66,30.50599,25.84773,9.61,14.18457,19.82159,45.11,37.25199,34.27949,24.05,26.55992,22.92207,26.94,25.55024,22.23562
121,MCNEIL01,33.96,30.03236,30.22533,44.4,43.3326,38.68216,29.88,42.48802,41.88899,3.99,5.353885,9.465112,18.48,18.93315,20.00122,2.89,5.267916,6.873235,21.55,20.54413,23.10237,20.05,20.12481,19.83655,28.114173,24.89781,23.29854,12.33,11.01176,15.99796
122,MCNEIL03,33.96,29.7884,30.10271,44.4,42.60945,37.93107,29.88,42.2299,41.79684,3.99,6.394528,10.12972,18.48,19.29939,19.99715,2.89,6.028855,7.148866,21.55,20.84815,23.21894,20.05,20.52036,19.58673,28.114173,24.64111,23.20756,12.33,10.72935,15.92859
123,MESCH01,10.49,19.31952,25.33953,32.17,31.71716,32.31431,51.36,50.44378,46.33636,21.94,20.19137,19.20333,23.71,20.88428,20.67462,7.15748,11.85987,11.9352,35.208661,33.38623,33.22987,46.393701,31.99243,30.12814,27.503937,25.18135,24.16009,25.299213,22.91034,20.71381
124,MITSU01,27.74,23.04897,27.29048,39.03,38.84671,36.02724,29.88,34.35498,36.8054,23.61,22.14441,20.32389,27.47,26.24927,23.77694,7.15748,14.62761,15.06057,35.208661,33.86108,33.09999,46.393701,30.32859,30.72767,27.503937,24.8336,23.4144,25.299213,20.6582,18.83236
125,MITSU02,15.503906,21.64624,27.23176,39.03,38.24092,35.59565,29.88,33.14531,36.26896,23.61,21.59825,19.96611,27.47,25.32783,23.64516,7.15748,16.05413,16.05508,32.83,33.70712,32.73011,14.52,28.79989,30.18863,27.503937,24.32403,23.09156,25.299213,20.18251,18.60923
126,MITSU03,27.74,27.25467,27.56389,39.03,39.38371,36.46854,29.88,36.04874,37.84721,23.39,23.39693,21.20863,27.47,27.52393,24.23597,7.15748,13.10282,13.99244,35.208661,34.19069,33.43269,46.393701,31.9901,31.53168,27.503937,24.99703,23.60521,25.299213,19.99231,18.72997
127,MITSU04,27.74,28.89701,27.71791,39.03,39.21351,36.49636,29.88,37.25623,38.47165,23.39,23.8673,21.43781,27.47,27.54127,24.08231,7.15748,11.04339,12.88794,35.208661,34.56371,33.7895,46.393701,33.55876,31.85727,27.503937,25.61228,24.03065,25.299213,20.45862,18.89737
128,MOREL01,19.17,18.90788,24.29499,32.17,33.3173,33.50944,29.88,28.02263,32.23595,23.61,17.81892,17.39713,15.58,17.68014,20.57808,7.15748,17.94528,17.53185,32.83,33.00629,32.01447,14.52,18.67735,24.39291,27.503937,24.15939,22.77274,25.299213,19.74793,18.90542
129,MOREL02,19.17,19.34018,24.75569,32.17,33.68723,33.71397,29.88,28.14619,32.4797,23.61,18.14879,17.68606,15.58,18.52673,20.92637,7.15748,18.01861,17.87662,32.83,32.99581,31.92782,14.52,20.34024,24.86369,27.503937,23.90573,22.68919,25.299213,19.44285,18.76306
130,MROTH01,15.503906,17.81748,26.17674,39.03,36.41925,35.09184,29.88,31.78426,34.78185,23.61,20.03237,18.92438,27.47,22.05248,22.49614,7.15748,16.07492,15.7386,32.83,33.53403,32.90147,14.52,25.03018,28.4963,27.503937,24.88663,23.34933,25.299213,21.3193,19.3565
131,MROTH02,15.503906,17.61239,25.65586,32.17,35.41154,34.58646,29.88,30.29894,33.8154,23.61,19.34824,18.47542,15.58,20.54627,21.9969,7.15748,16.95121,16.4856,32.83,33.41245,32.61765,14.52,22.62128,27.27823,27.503937,24.55643,23.1071,25.299213,20.76431,19.21994
132,MROTH03,15.503906,18.19267,25.91957,32.17,35.69624,34.6983,29.88,30.25508,33.93409,23.61,19.58998,18.67916,15.58,21.15987,22.27787,7.15748,17.14753,16.81844,32.83,33.41469,32.52041,14.52,23.51466,27.57568,27.503937,24.30555,22.98939,25.299213,20.39269,19.02797
133,MUTTE01,33.96,30.58321,30.23433,44.4,43.87354,39.42215,29.88,42.76812,41.98913,3.99,4.84595,9.317822,18.48,18.42736,20.24786,2.89,4.196967,6.847973,21.55,20.80209,23.46549,20.05,19.42551,20.65378,28.114173,25.24374,23.44855,12.33,11.31586,16.13483
134,MUTTE02,33.96,30.81308,30.71476,44.4,43.53764,40.0575,29.88,42.77645,41.99088,3.99,5.62115,9.548381,18.48,18.15102,19.77664,2.89,3.640332,5.810401,21.55,21.55437,23.87823,20.05,18.79418,20.12768,28.114173,25.37267,23.56724,12.33,11.24788,15.71129
135,NELSO01,33.56,29.57497,30.7355,34.5,38.11012,36.57714,29.88,41.3414,41.40318,23.39,15.06532,15.75189,18.99,18.93789,19.59071,1.61,5.551759,5.581616,21.55,26.27255,26.77193,13.38,16.61764,19.24217,28.114173,24.54049,23.42618,12.33,9.498468,13.91364
136,NELSO02,33.56,29.37202,30.42318,34.5,38.31235,36.41716,29.88,41.21297,41.37225,23.39,14.68668,15.55558,18.99,19.3358,19.74884,1.61,6.413567,6.243062,21.55,25.80765,26.42693,13.38,17.85442,19.11854,28.114173,24.27889,23.28792,12.33,9.358181,14.16798
137,OTELL01,28.65,27.70545,29.53586,29.24,28.1756,30.44896,51.36,49.15997,45.87458,20.42,23.52529,22.07596,25.64,21.96765,22.32348,23.18,13.35179,11.35477,32.65,35.05199,33.76396,35.12,36.28681,34.41399,28.114173,27.35913,25.27175,21.192913,24.51711,22.09668
138,PARDI01,26.82,28.4397,27.98433,36.86,37.18354,36.13983,29.88,36.89314,39.36678,23.61,24.2298,22.83649,28.12,27.15441,26.1248,24.8,20.24789,17.57075,33.12,33.23434,32.38661,39.22,34.17558,32.21664,19.69,21.36648,21.53557,12.33,13.69433,16.73525
139,PARSO01,28.65,25.49992,29.14178,29.24,27.37526,29.74518,51.36,49.96215,46.47747,21.94,23.25971,21.9956,14.2,21.71417,22.40487,23.18,15.49147,12.69118,32.65,32.52957,31.69384,35.12,32.84825,33.3587,28.114173,27.10238,24.71164,21.192913,24.38068,21.74217
140,PETER01,28.65,26.86291,28.80791,29.24,28.2454,30.6389,51.36,49.49865,46.20949,21.94,23.44563,22.05926,14.2,20.77401,21.4802,23.18,10.66448,10.709,32.65,34.83592,33.71818,35.12,35.14351,34.15853,28.114173,27.00404,25.20537,21.192913,24.46167,22.15518
141,PETSN01,46.97,47.17314,32.48621,34.02,38.63503,34.33599,56.2,47.35564,44.3927,20.42,15.41229,16.03563,25.64,30.118,28.26108,19.99,16.87971,15.10193,34.73,26.97791,29.20598,35.12,29.48251,28.97954,28.114173,27.37242,24.13068,21.192913,21.70539,20.29635
142,PETSN02,40.68,47.15833,32.13803,34.02,38.85232,34.32212,56.2,47.50726,44.48905,20.42,15.21495,15.96028,35.55,30.79121,28.65065,19.99,17.2009,15.72553,34.73,26.31417,28.75049,35.12,28.97511,28.67208,28.114173,27.31645,24.00804,21.192913,21.94965,20.36762
143,PFEND01,15.503906,22.04903,26.4594,39.03,36.90848,35.17788,29.88,32.06927,35.72137,23.61,21.05028,19.98187,27.47,24.37495,24.06764,24.8,18.96498,18.49545,32.83,33.36743,32.34044,14.52,28.75097,29.96108,19.69,22.81299,22.40233,25.299213,18.40039,18.39747
144,PFEND02,27.74,23.07056,26.8978,39.03,38.03023,35.7391,29.88,33.16977,36.31449,23.61,21.89865,20.49726,27.47,25.69481,24.40358,24.8,17.80942,17.18521,32.83,33.63736,32.70926,14.52,29.64259,30.71516,19.69,23.33879,22.65326,25.299213,18.81377,18.48077
145,PHILL01,46.97,40.87405,34.68665,29.24,32.76978,33.59082,29.88,45.35339,43.22691,20.42,23.65943,21.66756,25.64,23.46521,23.02353,2.933071,4.735018,7.098692,40.598425,39.23391,36.77078,42.311024,42.32951,34.62294,28.114173,28.09585,26.72065,21.192913,21.38719,20.67618
146,PHILL02,46.97,41.0512,34.09338,34.5,33.32473,34.07686,29.88,44.68609,42.83171,20.42,23.71351,21.64526,25.64,22.88846,22.7316,2.933071,2.679907,6.203214,40.598425,39.10916,36.58278,42.311024,40.05996,33.86125,28.114173,27.99578,26.69957,21.192913,20.36349,19.94586
147,PONTI02,33.96,44.41106,31.3742,44.4,42.48242,37.35331,56.2,45.46964,43.22298,3.99,9.048292,11.7584,18.48,24.29521,24.45407,2.89,8.560314,10.51099,21.55,24.25258,26.98808,20.05,26.28363,26.55544,28.114173,26.85859,24.06648,21.192913,17.54398,18.43349
148,REDDE01,26.82,29.12901,28.78886,36.86,36.29376,35.45044,29.88,38.50336,40.22197,23.61,23.07266,22.1161,28.12,24.52543,24.43939,24.8,15.85999,14.1327,33.12,31.55874,31.04366,39.22,27.77107,27.78417,19.69,21.95354,22.14269,12.33,11.2555,15.35105
149,REDDE02,26.82,28.96247,28.58519,36.86,36.45137,35.57309,29.88,38.20285,40.10036,23.61,23.28942,22.29342,28.12,25.15077,24.91523,24.8,17.13104,15.21733,33.12,31.85933,31.29528,39.22,29.39882,28.93826,19.69,21.66313,21.9431,12.33,11.61685,15.66963
150,SAWI01,26.82,27.46732,27.80132,36.86,37.00186,36.23275,29.88,36.49417,39.38447,23.61,23.78864,22.60204,28.12,27.74327,26.52104,24.8,23.00162,19.90578,33.12,33.0435,32.17385,39.22,37.40008,33.65561,19.69,20.40946,21.00579,12.33,13.62502,16.89328
151,SCHIEK01,15.503906,19.19991,26.27633,39.03,36.50621,35.05219,29.88,30.99248,34.55677,23.61,20.23155,19.17448,27.47,22.62875,22.89877,7.15748,17.22085,16.95805,32.83,33.4714,32.54982,14.52,25.53759,28.507,27.503937,24.05471,22.9135,25.299213,20.05054,18.87844
152,SCHIEK02,15.503906,20.52625,26.43096,39.03,37.13955,35.34715,29.88,31.75773,35.154,23.61,20.83162,19.67063,27.47,23.88924,23.50225,7.15748,17.49081,17.16669,32.83,33.51359,32.59897,14.52,27.25822,29.34354,27.503937,23.73491,22.80302,25.299213,19.57418,18.75378
153,SDC01,33.56,34.62432,30.38823,34.5,35.10555,35.3439,29.88,40.7806,40.68403,23.39,25.93642,23.29021,18.99,22.8559,23.12609,1.61,3.792646,6.245522,40.598425,36.19129,34.68912,13.38,24.83326,30.61546,28.114173,26.37446,25.07633,12.33,16.59097,17.13192
154,SDC02,33.56,34.90372,31.25652,34.5,34.41868,34.94875,29.88,41.31592,41.028,23.39,25.50687,22.90186,18.99,21.56726,22.47103,1.61,2.4714,5.300339,40.598425,36.14598,34.43539,13.38,21.90049,29.62973,28.114173,26.51295,25.19138,12.33,15.81534,16.49516
155,SDC03,33.56,33.48497,30.18289,34.5,35.02434,35.2431,29.88,40.31141,40.5503,23.39,25.77629,23.20878,18.99,22.42753,23.0539,1.61,5.200521,6.817018,40.598425,35.08108,33.74307,13.38,21.10693,29.01896,28.114173,25.72528,24.47439,12.33,14.90145,16.06731
156,SDC04,33.56,33.46437,31.07548,34.5,34.43484,34.92115,29.88,40.82785,40.8642,23.39,25.21712,22.73626,18.99,21.11853,22.30726,1.61,3.838933,5.715086,40.598425,34.8122,33.37563,13.38,17.93437,27.82383,28.114173,25.88521,24.59705,12.33,14.14207,15.40902
157,SDC05,33.56,32.48419,31.6869,34.5,34.37828,34.87442,29.88,40.97816,41.02707,23.39,23.92873,21.80733,18.99,19.97784,21.52882,1.61,3.802831,5.249829,40.598425,33.41034,32.19116,13.38,14.44204,25.6058,28.114173,25.59983,24.32766,12.33,12.61797,14.4047
158,SDC06,33.56,33.97009,32.9139,34.5,34.43034,34.99259,29.88,41.73543,41.36976,23.39,23.05336,21.07051,18.99,19.35079,21.07309,1.61,1.698472,4.140829,40.598425,33.94085,32.52623,13.38,14.70752,26.03094,28.114173,26.22985,24.82582,12.33,13.34863,14.71634
159,SECRET01,33.96,35.14708,30.42694,44.4,43.70307,39.91721,29.88,43.64988,42.34064,3.99,6.22552,10.38671,18.48,18.66249,21.25606,2.89,2.713934,7.232828,21.55,23.31108,25.59571,20.05,20.08282,23.47344,28.114173,26.19665,23.95184,12.33,13.11704,16.73912
160,SECRET02,33.96,34.69789,30.71061,44.4,43.01991,40.05625,29.88,43.46627,42.26311,3.99,7.31532,10.88244,18.48,18.34539,20.81629,2.89,2.273207,6.399123,21.55,24.06293,25.96444,20.05,19.33361,23.02339,28.114173,26.17693,24.02886,12.33,12.75602,16.36614
161,SECRET03,33.96,36.43785,31.15216,44.4,42.59088,40.04113,29.88,43.70319,42.36888,3.99,8.240899,11.33093,18.48,18.80252,20.96156,2.89,2.258068,6.180872,21.55,25.05505,26.70625,20.05,20.30269,23.65081,28.114173,26.40632,24.21338,12.33,13.39714,16.4558
162,SKILE01,27.74,24.23258,27.2009,39.03,36.49531,35.22758,29.88,41.05791,40.25164,23.39,22.35576,20.48995,27.47,24.69627,22.87078,7.15748,9.408235,11.54944,35.208661,34.76942,34.63515,46.393701,41.87659,32.60177,27.503937,26.77144,25.16068,25.299213,24.01563,20.75985
163,SPAUL01,39.03,34.22274,29.80089,15.59,13.92849,18.61228,56.2,55.89938,53.15602,17.07,18.07169,18.22597,35.55,26.61023,26.21894,30.66,30.23862,25.34204,9.61,12.63482,18.03287,45.11,40.99757,36.01305,24.05,26.7136,23.05851,26.94,25.15548,22.79682
164,SPAUL02,39.03,37.28453,30.41688,15.59,15.85812,19.17438,56.2,55.93944,53.40122,17.07,18.64818,18.64664,35.55,26.07065,25.775,30.66,29.86333,25.08858,9.61,11.85047,17.25155,45.11,44.27072,37.38346,24.05,26.6281,23.08667,26.94,24.61053,22.69999
165,SPIVY01,28.65,28.98122,29.74768,29.24,28.83905,30.98353,51.36,48.62804,45.50105,20.42,23.67937,22.131,25.64,22.08541,22.24742,23.18,11.52546,10.4964,32.65,36.23819,34.77586,35.12,38.51995,34.98359,28.114173,27.48412,25.63001,21.192913,24.55901,22.34375
166,STATE123,35.53,26.49208,29.83138,40.03,29.92915,30.29847,56.2,53.12693,50.13974,24.33,22.89661,21.97967,14.2,22.35899,22.6638,11.67,16.14394,17.73633,9.61,13.86408,17.19911,45.09,34.56361,33.78999,24.05,26.03333,23.58207,26.94,22.67608,21.30988
167,SUGAR01,40.68,32.14015,29.47009,34.02,27.90005,29.19653,56.2,50.36921,46.67859,17.07,14.87919,16.20689,35.55,34.10654,29.03491,19.99,20.79576,21.5871,32.65,19.96788,24.15152,20.28,22.349,27.44651,24.05,26.84797,23.13215,26.94,25.72803,21.10831
168,SUGAR04,40.68,38.55877,29.67766,34.02,32.37557,31.02588,56.2,49.24986,45.71635,17.07,13.96035,15.68479,35.55,33.65598,29.5677,19.99,18.79359,20.86225,32.65,20.23873,24.54506,20.28,24.58962,26.49136,28.114173,26.5579,23.0901,26.94,24.56735,20.80876
169,SUGAR05,40.68,37.35894,30.56273,34.02,32.66703,31.46357,56.2,49.84575,46.42791,17.07,15.8572,16.74985,35.55,35.13221,30.84219,19.99,20.62036,21.1557,32.65,22.22596,25.5582,20.28,24.0267,27.11498,28.114173,27.16989,23.41523,26.94,25.24694,22.04189
170,SUGAR07,40.68,38.69092,30.06735,34.02,32.80918,31.3165,56.2,49.58293,46.11949,17.07,14.65885,16.03064,35.55,34.90276,30.55236,19.99,19.26208,21.22282,32.65,20.97809,24.89602,20.28,23.86767,26.44317,28.114173,26.85257,23.22641,26.94,24.9894,21.48796
171,SUGAR08,40.68,33.37373,30.50389,34.02,30.37658,30.2516,56.2,50.29475,46.89669,17.07,16.38176,17.10654,35.55,34.63342,30.74648,19.99,21.66624,21.60201,32.65,22.0393,25.26765,20.28,23.29945,27.3884,28.114173,27.25326,23.43446,26.94,25.63588,22.47314
172,SUGAR09,40.68,41.9752,30.72563,34.02,35.20728,32.53693,56.2,49.09558,45.73199,17.07,14.34261,15.81451,35.55,34.83644,31.27949,19.99,18.35149,20.75668,32.65,21.36911,25.24568,20.28,24.7131,25.97987,28.114173,26.80798,23.26484,26.94,24.40722,21.50333
173,SUGAR11,40.68,44.459,30.62059,34.02,37.20215,33.21533,56.2,48.56657,45.24097,17.07,13.83609,15.49975,35.55,34.27776,30.75545,19.99,17.36492,19.74759,32.65,21.58498,25.45709,20.28,25.42175,26.10048,28.114173,26.72728,23.27435,26.94,23.67807,20.94668
174,SUGAR12,40.68,41.34465,30.5032,34.02,34.82042,32.34721,56.2,49.26467,45.86484,17.07,14.65811,16.00524,35.55,35.0964,30.98994,19.99,18.77444,20.78498,32.65,21.57184,25.33096,20.28,24.52522,26.33606,28.114173,26.89682,23.29501,26.94,24.61933,21.51132
175,SUGAR13,40.68,25.93667,30.43858,34.02,26.41562,27.65387,56.2,51.08338,47.83029,17.07,17.56338,17.96623,35.55,32.73515,30.38503,19.99,23.38914,22.10268,32.65,21.6369,24.57509,20.28,22.60765,28.03994,24.05,27.38348,23.51028,26.94,26.03917,23.54085
176,SUGAR15,40.68,44.45322,30.81651,34.02,37.23575,33.464,56.2,48.80159,45.45074,17.07,14.95829,16.12664,35.55,34.80887,30.5826,19.99,18.58537,19.55259,32.65,22.95022,26.29876,35.12,25.81525,27.02103,28.114173,27.04984,23.46103,26.94,23.99774,21.1673
177,SUGAR16,40.68,43.24722,31.0694,34.02,36.25053,33.12534,56.2,48.99055,45.64813,17.07,14.61308,15.95051,35.55,35.02575,31.30952,19.99,18.40232,20.35666,32.65,22.03492,25.69053,20.28,25.08786,26.29417,28.114173,26.92366,23.3539,26.94,24.2661,21.49849
178,SUGAR17,40.68,38.11553,30.80646,34.02,33.60659,31.97801,56.2,49.62091,46.20081,17.07,16.61479,17.21351,35.55,34.52574,30.40437,19.99,21.35463,20.31497,32.65,23.619,26.47073,35.12,25.53437,27.88059,28.114173,27.3221,23.57261,26.94,24.9745,21.8836
179,SUGAR18,40.68,32.47976,31.01141,34.02,30.23357,30.20198,56.2,50.32395,46.96645,17.07,16.93707,17.48676,35.55,34.12649,30.80145,19.99,22.30074,21.46106,32.65,22.60748,25.57613,20.28,23.92591,27.68209,28.114173,27.34129,23.52028,26.94,25.61442,22.76996
180,SUGAR19,40.68,40.59444,31.10309,34.02,34.65672,32.52429,56.2,49.43134,46.06111,17.07,15.46705,16.48676,35.55,35.24491,31.25941,19.99,19.74655,20.77605,32.65,22.46484,25.85294,20.28,24.75647,26.79748,28.114173,27.10831,23.42803,26.94,24.80458,21.90959
181,SUGAR21,40.68,35.35473,29.64916,34.02,30.18742,30.11187,56.2,49.93404,46.35233,17.07,14.62292,16.04161,35.55,34.34385,29.65043,19.99,19.93637,21.4611,32.65,20.28314,24.42381,20.28,23.24491,26.8811,24.05,26.78809,23.14586,26.94,25.33934,21.21782
182,SUGAR23,14.76,21.4427,29.29959,13.96,18.51449,25.01781,56.2,52.07992,48.3998,17.07,15.42314,16.53338,35.55,31.73396,28.42843,19.99,24.3025,23.10955,32.65,18.02316,22.68126,20.28,19.98483,28.67854,24.05,26.89259,23.06363,26.94,26.58293,21.67849
183,SUGAR24,14.76,25.57978,29.36363,13.96,22.85386,27.05577,56.2,51.26933,47.5427,17.07,15.24601,16.43066,35.55,33.04576,28.68828,19.99,22.60036,22.32871,32.65,19.05493,23.42978,20.28,20.56445,28.06343,24.05,26.91092,23.10517,26.94,26.30979,21.38618
184,SUGAR30,40.68,32.29394,29.48339,34.02,28.33754,29.33732,56.2,50.40654,46.702,17.07,15.12436,16.34648,35.55,34.4333,28.99573,19.99,20.86373,21.42659,32.65,20.27647,24.29255,20.28,22.14758,27.6011,24.05,26.93924,23.17429,26.94,25.77329,21.1183
185,SUGAR31,40.68,45.55738,30.49953,34.02,38.03246,33.56055,56.2,48.54262,45.20102,17.07,14.41359,15.7938,35.55,34.49596,30.14071,19.99,17.78328,19.14146,32.65,22.65197,26.13347,35.12,25.89881,26.92882,28.114173,26.94423,23.41193,26.94,23.62812,20.7963
186,SUGAR32,14.76,19.60296,29.32538,13.96,16.84612,23.2074,56.2,52.55013,49.12789,17.07,15.72535,16.70385,35.55,31.27876,28.81431,19.99,25.06286,23.85507,32.65,17.63192,22.22815,20.28,19.35498,28.78763,24.05,26.95733,23.09205,26.94,26.70063,22.45147
187,SUMTV01,19.17,14.63357,22.35757,32.17,32.52142,32.38445,29.88,40.63157,38.71576,6.44,14.75531,14.82156,15.58,19.15761,19.83191,22.84,20.78328,16.29296,32.83,31.8646,31.48289,14.52,19.10211,23.07346,27.503937,23.77552,22.50695,25.299213,18.901,18.21768
188,SUMTV02,19.17,14.70939,23.11145,32.17,32.71722,32.55289,29.88,40.58267,38.91812,6.44,15.63996,15.51677,15.58,19.07905,20.06577,22.84,20.19042,15.90525,32.83,32.27308,31.88449,14.52,19.7178,24.00878,27.503937,24.12811,22.78161,25.299213,19.79543,18.71423
189,SVRP01,33.56,37.15897,33.35249,34.5,35.04119,35.49171,29.88,42.80466,41.88234,23.39,21.4061,19.8435,18.99,19.4813,21.02626,1.61,0.153003,3.899125,40.598425,34.63397,33.0311,13.38,19.79763,27.40071,28.114173,26.92323,25.40986,12.33,14.72649,15.79101
190,SVRP02,33.56,35.80566,32.63985,34.5,34.19878,34.86626,29.88,42.13497,41.51014,23.39,23.8919,21.64256,18.99,20.10727,21.55719,1.61,0.819304,4.233449,40.598425,35.69779,33.86707,13.38,19.51006,28.33522,28.114173,26.76001,25.36784,12.33,15.06725,15.90961
191,TELL02,33.96,33.27307,32.41484,44.4,39.96001,39.07556,29.88,42.78376,41.96173,3.99,12.16257,13.60163,18.48,17.78643,19.51805,2.89,1.529952,3.857718,21.55,26.85052,27.51024,20.05,16.18222,21.61286,28.114173,26.0315,24.24194,12.33,11.73617,14.66943
192,TELL03,33.96,31.3727,31.24952,44.4,40.43579,38.86371,29.88,42.44551,41.83256,3.99,11.09657,12.9921,18.48,17.72793,19.466,2.89,2.485968,4.568486,21.55,25.32858,26.34457,20.05,15.98104,20.52101,28.114173,25.58333,23.88824,12.33,10.83967,14.71021
193,TELL04,33.56,33.41375,32.95951,34.5,37.56671,37.31819,29.88,42.45212,41.79197,23.39,16.27096,16.34005,18.99,17.93706,19.68717,1.61,1.274256,3.508793,21.55,29.44075,29.24801,13.38,14.3465,22.49753,28.114173,26.08663,24.44805,12.33,11.83916,14.21707
194,TERRI02,35.53,37.23055,31.14113,40.03,35.4753,33.31459,56.2,53.0761,50.64328,24.33,23.19952,22.02451,14.2,22.40358,22.28587,11.67,17.5864,18.39885,9.61,8.662724,13.5889,45.09,46.55561,39.50831,24.05,25.12979,23.44049,26.94,20.25796,19.89318
195,TERRI03,35.53,36.12358,31.2166,40.03,36.8729,34.59058,56.2,52.81284,50.29878,24.33,23.56869,22.31242,14.2,21.8824,21.86204,11.67,15.8309,17.56618,9.61,9.070626,13.73973,45.09,45.85985,38.80353,24.05,24.87091,23.44168,26.94,19.86363,19.57066
196,VOTRU01,10.49,11.50451,17.852,32.17,32.17398,31.82883,51.36,50.4168,44.26358,6.44,12.76359,13.26875,23.71,23.15567,20.13314,22.84,21.53655,16.06386,30.85,30.75124,30.07963,33.31,23.79295,23.43194,19.74,21.14538,20.91511,7.53,14.81985,15.09024
197,WATKI01,46.97,35.83249,31.9155,29.24,31.60487,32.87567,51.36,46.10529,43.72117,20.42,24.30047,22.32205,25.64,23.37171,22.86076,2.933071,6.29107,7.966026,40.598425,39.24023,37.0507,42.311024,45.02675,35.99535,28.114173,28.05475,26.74407,21.192913,23.41564,22.13285
198,YAHNG01,17.02,15.97163,23.21611,30.55,30.31376,30.69302,22.36,31.31586,34.40348,6.44,8.203178,10.0771,19.35,20.9913,20.98795,11.97,16.68144,17.23783,24.47,27.12189,27.41212,33.31,29.07502,25.82085,19.74,18.41822,19.32877,7.53,9.084211,12.41396
199,YAHNG02,17.02,17.45806,23.62701,30.55,29.85731,30.52891,22.36,29.83058,33.74112,6.44,8.188898,10.09672,19.35,20.67329,21.12082,11.97,16.26552,17.26031,24.47,26.84714,27.10903,33.31,30.27776,26.79893,19.74,17.86322,19.08673,7.53,8.293447,12.01224
200,YAHNG03,17.02,16.53345,24.02306,30.55,30.27313,30.75352,22.36,28.33532,32.9141,6.44,7.674157,9.807453,19.35,20.48519,21.05206,11.97,15.44431,17.31844,24.47,26.4386,27.11367,33.31,29.12689,26.04197,19.74,18.49881,19.50452,7.53,8.896121,12.78125
201,ZEN01,27.74,24.59852,26.72417,39.03,33.484,33.70358,29.88,45.76439,43.41947,21.94,22.32484,20.80439,27.47,22.74673,21.9782,7.15748,8.302735,10.02458,35.208661,35.24267,35.18367,46.393701,43.241,33.67802,27.503937,26.84535,25.7053,25.299213,24.67713,22.51221
202,ZEN02,27.74,24.55182,26.73509,39.03,33.91651,33.95035,29.88,45.16475,42.98326,21.94,22.32065,20.76511,27.47,23.0189,22.11876,7.15748,8.392083,10.12077,35.208661,35.21133,35.18987,46.393701,43.60157,33.62356,27.503937,26.87114,25.70174,25.299213,24.65127,22.4024
