"plotid","year","rain_tot_2d","rain_tot_3d","rain_tot_v"
"ANN01","2004",33.48805,28.95485,35.53
"ANN02","2004",33.08111,28.7345,35.53
"ANN03","2004",33.35576,29.33867,35.53
"ANN04","2004",32.23207,28.25006,35.53
"ANN05","2004",32.58163,28.60281,35.53
"ANN06","2004",30.44171,27.63658,35.53
"ANN07","2004",29.57947,27.30216,35.53
"ANN08","2004",29.94669,27.49533,35.53
"ANN09","2004",29.03239,27.2091,35.53
"ANN10","2004",25.66715,26.35218,27.01
"ANN11","2004",26.69277,26.55105,27.01
"ANN12","2004",31.60044,28.33922,35.53
"ANN13","2004",29.36256,27.41059,27.01
"ANN14","2004",29.5513,27.51957,27.01
"ANN15","2004",30.26551,27.80005,27.01
"ANN17","2004",30.22311,28.15092,27.01
"ANN18","2004",28.00876,27.07889,27.01
"ANN19","2004",26.45325,26.75475,27.01
"ANN20","2004",26.39136,26.82286,27.01
"ANN21","2004",27.9147,27.18349,27.01
"ANN22","2004",24.58129,26.74618,27.01
"ANN23","2004",26.96708,27.09781,27.01
"ANN24","2004",28.43864,27.54473,27.01
"ANN25","2004",28.24341,27.54929,27.01
"ANN27","2004",28.11994,28.59267,27.01
"ANN29","2004",24.71003,26.76251,27.01
"ANN30","2004",26.4211,27.50486,27.01
"ANN31","2004",26.47279,27.86559,27.01
"ANN32","2004",25.13072,27.11344,27.01
"ANN33","2004",25.56157,27.72701,27.01
"ANN34","2004",23.74829,26.68417,27.01
"ANN35","2004",25.11017,27.63585,27.01
"ANN36","2004",28.26483,26.82667,35.53
"ANN37","2004",26.10473,27.02111,27.01
"ANN38","2004",26.99323,27.9491,27.01
"APGAR01","2004",32.64143,29.96816,33.96
"ARBIT01","2004",30.5887,28.27238,26.82
"ARBIT02","2004",31.273,29.16301,33.56
"ARBIT03","2004",31.98086,29.01228,33.56
"ARBIT04","2004",31.12839,28.55609,33.56
"ARBIT05","2004",31.46107,28.18892,27.74
"ATHEA02","2004",32.82653,29.61941,33.56
"BACKM02","2004",18.98742,29.14174,14.76
"BACKM03","2004",17.04701,29.1993,14.76
"BACKM04","2004",17.24857,29.29352,14.76
"BACKM05","2004",16.94689,29.23662,14.76
"BADGE01","2004",36.32812,31.64265,35.53
"BELTA01","2004",47.5652,31.5767,40.68
"BELTA02","2004",47.74451,31.62896,40.68
"BELTA03","2004",47.7757,31.70387,40.68
"BELTA04","2004",47.36481,31.80505,46.97
"BELTA07","2004",45.33663,31.79371,46.97
"BELTA08","2004",47.75853,35.72617,46.97
"BERGE01","2004",27.98632,27.46283,27.74
"BOUV01","2004",39.34914,34.47726,33.56
"BOUV02","2004",37.50975,33.22954,33.56
"BOUV03","2004",36.60097,33.08345,33.96
"BOUV09","2004",41.00526,32.84462,33.96
"BOWES01","2004",29.88486,28.49243,26.82
"BOWES02","2004",29.56114,28.28442,26.82
"BOWES03","2004",29.36247,28.62143,26.82
"BUSH01","2004",28.11071,27.69128,27.74
"COCHR01","2004",40.78696,34.9062,33.56
"COOK01","2004",17.89793,22.94538,19.17
"COOK02","2004",17.68969,23.66891,19.17
"DOMAN01","2004",27.47828,27.44826,27.74
"ELIOT01","2004",29.80437,27.91897,27.74
"FERRA01","2004",29.49262,30.57503,33.96
"FOP04","2004",19.02085,26.83876,15.503906
"FOP324","2004",17.96392,26.34625,15.503906
"FOP333","2004",17.8256,26.38217,15.503906
"FOP340","2004",17.10154,25.57938,15.503906
"FRIDE01","2004",28.12153,29.15593,28.65
"GANAY01","2004",41.28366,30.9715,33.96
"GANAY02","2004",40.0759,30.90869,33.96
"GARD01","2004",33.1814,29.9072,33.96
"HALLO01","2004",42.79993,31.11266,33.96
"HALOW02","2004",28.98933,28.17795,26.82
"HOOD01","2004",38.29523,30.30693,39.03
"HOOD02","2004",35.53201,29.62033,39.03
"HOOD03","2004",19.79189,29.0526,14.76
"HOOD04","2004",22.41115,29.14978,14.76
"HOOD05","2004",20.42689,29.03225,14.76
"HOOD07","2004",17.29701,29.20282,14.76
"JLSP01","2004",35.38437,30.34475,33.56
"JLSP02","2004",35.78783,30.45441,33.56
"JLSP03","2004",33.20103,28.48105,27.74
"JLSP04","2004",34.49462,29.55703,27.74
"JLSP05","2004",34.11235,29.79696,33.56
"JLSP06","2004",33.81503,29.01452,27.74
"JLSP07","2004",33.24323,28.94671,27.74
"JLSP08","2004",33.34657,28.70952,27.74
"JLSP10","2004",33.34931,28.51802,27.74
"JLSP13","2004",30.70961,27.79655,27.74
"JLSP14","2004",30.21771,27.74249,27.74
"JLSP15","2004",27.88713,27.61253,27.74
"JLSP16","2004",29.47739,27.87034,27.74
"JLSP17","2004",25.82286,27.39887,27.74
"JOHNS01","2004",29.55616,29.51164,39.03
"JOHNS02","2004",25.22783,29.20027,14.76
"JROTH01","2004",19.16747,26.78163,15.503906
"JROTH02","2004",20.55633,26.79204,15.503906
"JROTH03","2004",20.8959,27.26385,15.503906
"JROTH04","2004",20.33661,27.1032,15.503906
"JROTH05","2004",19.07904,26.80437,15.503906
"KLASS01","2004",29.308,27.91153,26.82
"KLASS02","2004",28.70805,27.78336,26.82
"KUNDE01","2004",30.72247,31.13927,28.65
"KUNDE02","2004",32.34512,31.35479,28.65
"KUNDE03","2004",34.19484,30.63538,40.68
"KUNDE04","2004",31.69758,30.73253,40.68
"LARS01","2004",33.11598,29.94477,33.96
"LAZY04","2004",41.16481,31.96284,28.65
"LAZY05","2004",40.6984,31.60124,28.65
"LINS01","2004",16.73193,25.85645,15.503906
"LUPIN01","2004",30.46874,28.13788,27.74
"MACKI01","2004",21.6243,23.93632,17.02
"MCCOR01","2004",35.74636,29.76102,39.03
"MCCOR02","2004",32.38799,29.36629,39.03
"MCCOR05","2004",32.9811,29.38886,39.03
"MCNEIL01","2004",30.03236,30.22533,33.96
"MCNEIL03","2004",29.7884,30.10271,33.96
"MESCH01","2004",19.31952,25.33953,10.49
"MITSU01","2004",23.04897,27.29048,27.74
"MITSU02","2004",21.64624,27.23176,15.503906
"MITSU03","2004",27.25467,27.56389,27.74
"MITSU04","2004",28.89701,27.71791,27.74
"MOREL01","2004",18.90788,24.29499,19.17
"MOREL02","2004",19.34018,24.75569,19.17
"MROTH01","2004",17.81748,26.17674,15.503906
"MROTH02","2004",17.61239,25.65586,15.503906
"MROTH03","2004",18.19267,25.91957,15.503906
"MUTTE01","2004",30.58321,30.23433,33.96
"MUTTE02","2004",30.81308,30.71476,33.96
"NELSO01","2004",29.57497,30.7355,33.56
"NELSO02","2004",29.37202,30.42318,33.56
"OTELL01","2004",27.70545,29.53586,28.65
"PARDI01","2004",28.4397,27.98433,26.82
"PARSO01","2004",25.49992,29.14178,28.65
"PETER01","2004",26.86291,28.80791,28.65
"PETSN01","2004",47.17314,32.48621,46.97
"PETSN02","2004",47.15833,32.13803,40.68
"PFEND01","2004",22.04903,26.4594,15.503906
"PFEND02","2004",23.07056,26.8978,27.74
"PHILL01","2004",40.87405,34.68665,46.97
"PHILL02","2004",41.0512,34.09338,46.97
"PONTI02","2004",44.41106,31.3742,33.96
"REDDE01","2004",29.12901,28.78886,26.82
"REDDE02","2004",28.96247,28.58519,26.82
"SAWI01","2004",27.46732,27.80132,26.82
"SCHIEK01","2004",19.19991,26.27633,15.503906
"SCHIEK02","2004",20.52625,26.43096,15.503906
"SDC01","2004",34.62432,30.38823,33.56
"SDC02","2004",34.90372,31.25652,33.56
"SDC03","2004",33.48497,30.18289,33.56
"SDC04","2004",33.46437,31.07548,33.56
"SDC05","2004",32.48419,31.6869,33.56
"SDC06","2004",33.97009,32.9139,33.56
"SECRET01","2004",35.14708,30.42694,33.96
"SECRET02","2004",34.69789,30.71061,33.96
"SECRET03","2004",36.43785,31.15216,33.96
"SKILE01","2004",24.23258,27.2009,27.74
"SPAUL01","2004",34.22274,29.80089,39.03
"SPAUL02","2004",37.28453,30.41688,39.03
"SPIVY01","2004",28.98122,29.74768,28.65
"STATE123","2004",26.49208,29.83138,35.53
"SUGAR01","2004",32.14015,29.47009,40.68
"SUGAR04","2004",38.55877,29.67766,40.68
"SUGAR05","2004",37.35894,30.56273,40.68
"SUGAR07","2004",38.69092,30.06735,40.68
"SUGAR08","2004",33.37373,30.50389,40.68
"SUGAR09","2004",41.9752,30.72563,40.68
"SUGAR11","2004",44.459,30.62059,40.68
"SUGAR12","2004",41.34465,30.5032,40.68
"SUGAR13","2004",25.93667,30.43858,40.68
"SUGAR15","2004",44.45322,30.81651,40.68
"SUGAR16","2004",43.24722,31.0694,40.68
"SUGAR17","2004",38.11553,30.80646,40.68
"SUGAR18","2004",32.47976,31.01141,40.68
"SUGAR19","2004",40.59444,31.10309,40.68
"SUGAR21","2004",35.35473,29.64916,40.68
"SUGAR23","2004",21.4427,29.29959,14.76
"SUGAR24","2004",25.57978,29.36363,14.76
"SUGAR30","2004",32.29394,29.48339,40.68
"SUGAR31","2004",45.55738,30.49953,40.68
"SUGAR32","2004",19.60296,29.32538,14.76
"SUMTV01","2004",14.63357,22.35757,19.17
"SUMTV02","2004",14.70939,23.11145,19.17
"SVRP01","2004",37.15897,33.35249,33.56
"SVRP02","2004",35.80566,32.63985,33.56
"TELL02","2004",33.27307,32.41484,33.96
"TELL03","2004",31.3727,31.24952,33.96
"TELL04","2004",33.41375,32.95951,33.56
"TERRI02","2004",37.23055,31.14113,35.53
"TERRI03","2004",36.12358,31.2166,35.53
"VOTRU01","2004",11.50451,17.852,10.49
"WATKI01","2004",35.83249,31.9155,46.97
"YAHNG01","2004",15.97163,23.21611,17.02
"YAHNG02","2004",17.45806,23.62701,17.02
"YAHNG03","2004",16.53345,24.02306,17.02
"ZEN01","2004",24.59852,26.72417,27.74
"ZEN02","2004",24.55182,26.73509,27.74
"ANN01","2005",38.91307,34.89428,40.03
"ANN02","2005",38.4734,34.64434,40.03
"ANN03","2005",39.1261,35.54028,40.03
"ANN04","2005",37.34928,33.90409,40.03
"ANN05","2005",38.01295,34.63978,40.03
"ANN06","2005",34.70391,32.49434,29.46
"ANN07","2005",33.58268,31.98854,29.46
"ANN08","2005",34.31303,32.3317,29.46
"ANN09","2005",33.42305,31.91806,29.46
"ANN10","2005",30.73767,30.71256,29.46
"ANN11","2005",31.48246,31.00202,29.46
"ANN12","2005",36.29657,33.80615,40.03
"ANN13","2005",33.63494,32.13676,29.46
"ANN14","2005",33.5551,32.13922,28.61
"ANN15","2005",34.05482,32.42987,28.61
"ANN17","2005",33.31911,32.22317,28.61
"ANN18","2005",32.13884,31.38096,29.46
"ANN19","2005",31.17504,30.93271,29.46
"ANN20","2005",31.02482,30.89052,29.46
"ANN21","2005",31.67306,31.19721,28.61
"ANN22","2005",29.76508,30.44593,28.61
"ANN23","2005",30.31501,30.59464,28.61
"ANN24","2005",30.72858,30.78567,28.61
"ANN25","2005",30.30621,30.57426,28.61
"ANN27","2005",30.57996,30.89992,28.61
"ANN29","2005",28.26712,29.79921,28.61
"ANN30","2005",28.13664,29.77676,28.61
"ANN31","2005",27.99097,29.78955,28.61
"ANN32","2005",27.78232,29.72033,28.61
"ANN33","2005",27.36154,29.5513,28.61
"ANN34","2005",28.0036,29.99068,28.61
"ANN35","2005",27.33532,29.76219,28.61
"ANN36","2005",32.36059,31.43386,29.46
"ANN37","2005",28.72805,29.88078,28.61
"ANN38","2005",28.52239,29.95398,28.61
"APGAR01","2005",45.26345,38.87362,44.4
"ARBIT01","2005",37.24013,35.86402,36.86
"ARBIT02","2005",35.86578,35.50224,34.5
"ARBIT03","2005",36.24796,35.72758,34.5
"ARBIT04","2005",36.81451,35.86651,34.5
"ARBIT05","2005",37.74366,35.88246,39.03
"ATHEA02","2005",35.67654,35.54558,34.5
"BACKM02","2005",13.66987,22.14714,13.96
"BACKM03","2005",14.22909,22.51377,13.96
"BACKM04","2005",16.0935,22.72026,13.96
"BACKM05","2005",14.27525,21.63781,13.96
"BADGE01","2005",37.32925,34.96626,40.03
"BELTA01","2005",39.61308,34.47177,34.02
"BELTA02","2005",39.87261,34.62751,34.02
"BELTA03","2005",40.42793,34.90486,34.02
"BELTA04","2005",41.00946,35.32577,34.02
"BELTA07","2005",36.71111,33.51167,29.24
"BELTA08","2005",38.50035,35.04618,29.24
"BERGE01","2005",35.04213,34.8329,39.03
"BOUV01","2005",37.81245,37.4721,34.5
"BOUV02","2005",38.35631,37.91272,34.5
"BOUV03","2005",39.5009,38.79929,44.4
"BOUV09","2005",42.51629,39.73231,44.4
"BOWES01","2005",36.63576,35.72502,36.86
"BOWES02","2005",36.98198,35.85875,36.86
"BOWES03","2005",36.38266,35.56174,36.86
"BUSH01","2005",39.10288,36.36156,39.03
"COCHR01","2005",37.77825,37.32354,34.5
"COOK01","2005",32.11108,32.54882,32.17
"COOK02","2005",32.62167,32.93969,32.17
"DOMAN01","2005",35.86963,35.18909,39.03
"ELIOT01","2005",38.20862,36.16681,39.03
"FERRA01","2005",40.90565,37.8039,44.4
"FOP04","2005",36.78917,35.13531,39.03
"FOP324","2005",36.63478,35.20724,39.03
"FOP333","2005",36.64371,35.18792,39.03
"FOP340","2005",35.68598,34.75953,32.17
"FRIDE01","2005",28.93773,31.13224,29.24
"GANAY01","2005",43.71991,38.47077,44.4
"GANAY02","2005",44.12909,38.86216,44.4
"GARD01","2005",45.25308,38.53831,44.4
"HALLO01","2005",43.11102,38.01583,44.4
"HALOW02","2005",37.01127,36.00994,36.86
"HOOD01","2005",20.05422,21.89476,15.59
"HOOD02","2005",21.16022,23.3342,15.59
"HOOD03","2005",15.76247,23.71743,13.96
"HOOD04","2005",16.73466,22.86056,13.96
"HOOD05","2005",18.73889,24.9487,13.96
"HOOD07","2005",19.61822,23.41936,13.96
"JLSP01","2005",34.98535,35.28226,34.5
"JLSP02","2005",34.86082,35.2063,34.5
"JLSP03","2005",37.12753,36.38927,39.03
"JLSP04","2005",36.12365,35.94055,39.03
"JLSP05","2005",35.68066,35.64575,34.5
"JLSP06","2005",36.63398,36.12097,39.03
"JLSP07","2005",36.65762,36.05633,39.03
"JLSP08","2005",37.18364,36.36167,39.03
"JLSP10","2005",37.45189,36.5042,39.03
"JLSP13","2005",37.98049,36.70164,39.03
"JLSP14","2005",38.29647,36.66003,39.03
"JLSP15","2005",37.95795,36.09925,39.03
"JLSP16","2005",36.74567,35.46836,39.03
"JLSP17","2005",36.96195,35.52855,39.03
"JOHNS01","2005",25.55111,26.58835,15.59
"JOHNS02","2005",21.3199,24.72693,13.96
"JROTH01","2005",36.03267,34.71769,39.03
"JROTH02","2005",36.25816,34.952,39.03
"JROTH03","2005",37.03677,35.10155,39.03
"JROTH04","2005",37.43887,35.40929,39.03
"JROTH05","2005",37.31895,35.45729,39.03
"KLASS01","2005",37.90061,36.14963,36.86
"KLASS02","2005",37.91626,36.20734,36.86
"KUNDE01","2005",30.21492,30.23724,29.24
"KUNDE02","2005",30.85308,30.57104,29.24
"KUNDE03","2005",31.98719,31.14606,34.02
"KUNDE04","2005",30.80012,30.55265,34.02
"LARS01","2005",45.33593,38.82379,44.4
"LAZY04","2005",34.51005,32.42771,29.24
"LAZY05","2005",34.76177,32.47235,29.24
"LINS01","2005",35.50364,34.58979,32.17
"LUPIN01","2005",37.65831,35.99935,39.03
"MACKI01","2005",29.3748,29.97026,29.46
"MCCOR01","2005",13.26975,19.42022,15.59
"MCCOR02","2005",12.48505,20.25454,15.59
"MCCOR05","2005",12.7155,20.50875,15.59
"MCNEIL01","2005",43.3326,38.68216,44.4
"MCNEIL03","2005",42.60945,37.93107,44.4
"MESCH01","2005",31.71716,32.31431,32.17
"MITSU01","2005",38.84671,36.02724,39.03
"MITSU02","2005",38.24092,35.59565,39.03
"MITSU03","2005",39.38371,36.46854,39.03
"MITSU04","2005",39.21351,36.49636,39.03
"MOREL01","2005",33.3173,33.50944,32.17
"MOREL02","2005",33.68723,33.71397,32.17
"MROTH01","2005",36.41925,35.09184,39.03
"MROTH02","2005",35.41154,34.58646,32.17
"MROTH03","2005",35.69624,34.6983,32.17
"MUTTE01","2005",43.87354,39.42215,44.4
"MUTTE02","2005",43.53764,40.0575,44.4
"NELSO01","2005",38.11012,36.57714,34.5
"NELSO02","2005",38.31235,36.41716,34.5
"OTELL01","2005",28.1756,30.44896,29.24
"PARDI01","2005",37.18354,36.13983,36.86
"PARSO01","2005",27.37526,29.74518,29.24
"PETER01","2005",28.2454,30.6389,29.24
"PETSN01","2005",38.63503,34.33599,34.02
"PETSN02","2005",38.85232,34.32212,34.02
"PFEND01","2005",36.90848,35.17788,39.03
"PFEND02","2005",38.03023,35.7391,39.03
"PHILL01","2005",32.76978,33.59082,29.24
"PHILL02","2005",33.32473,34.07686,34.5
"PONTI02","2005",42.48242,37.35331,44.4
"REDDE01","2005",36.29376,35.45044,36.86
"REDDE02","2005",36.45137,35.57309,36.86
"SAWI01","2005",37.00186,36.23275,36.86
"SCHIEK01","2005",36.50621,35.05219,39.03
"SCHIEK02","2005",37.13955,35.34715,39.03
"SDC01","2005",35.10555,35.3439,34.5
"SDC02","2005",34.41868,34.94875,34.5
"SDC03","2005",35.02434,35.2431,34.5
"SDC04","2005",34.43484,34.92115,34.5
"SDC05","2005",34.37828,34.87442,34.5
"SDC06","2005",34.43034,34.99259,34.5
"SECRET01","2005",43.70307,39.91721,44.4
"SECRET02","2005",43.01991,40.05625,44.4
"SECRET03","2005",42.59088,40.04113,44.4
"SKILE01","2005",36.49531,35.22758,39.03
"SPAUL01","2005",13.92849,18.61228,15.59
"SPAUL02","2005",15.85812,19.17438,15.59
"SPIVY01","2005",28.83905,30.98353,29.24
"STATE123","2005",29.92915,30.29847,40.03
"SUGAR01","2005",27.90005,29.19653,34.02
"SUGAR04","2005",32.37557,31.02588,34.02
"SUGAR05","2005",32.66703,31.46357,34.02
"SUGAR07","2005",32.80918,31.3165,34.02
"SUGAR08","2005",30.37658,30.2516,34.02
"SUGAR09","2005",35.20728,32.53693,34.02
"SUGAR11","2005",37.20215,33.21533,34.02
"SUGAR12","2005",34.82042,32.34721,34.02
"SUGAR13","2005",26.41562,27.65387,34.02
"SUGAR15","2005",37.23575,33.464,34.02
"SUGAR16","2005",36.25053,33.12534,34.02
"SUGAR17","2005",33.60659,31.97801,34.02
"SUGAR18","2005",30.23357,30.20198,34.02
"SUGAR19","2005",34.65672,32.52429,34.02
"SUGAR21","2005",30.18742,30.11187,34.02
"SUGAR23","2005",18.51449,25.01781,13.96
"SUGAR24","2005",22.85386,27.05577,13.96
"SUGAR30","2005",28.33754,29.33732,34.02
"SUGAR31","2005",38.03246,33.56055,34.02
"SUGAR32","2005",16.84612,23.2074,13.96
"SUMTV01","2005",32.52142,32.38445,32.17
"SUMTV02","2005",32.71722,32.55289,32.17
"SVRP01","2005",35.04119,35.49171,34.5
"SVRP02","2005",34.19878,34.86626,34.5
"TELL02","2005",39.96001,39.07556,44.4
"TELL03","2005",40.43579,38.86371,44.4
"TELL04","2005",37.56671,37.31819,34.5
"TERRI02","2005",35.4753,33.31459,40.03
"TERRI03","2005",36.8729,34.59058,40.03
"VOTRU01","2005",32.17398,31.82883,32.17
"WATKI01","2005",31.60487,32.87567,29.24
"YAHNG01","2005",30.31376,30.69302,30.55
"YAHNG02","2005",29.85731,30.52891,30.55
"YAHNG03","2005",30.27313,30.75352,30.55
"ZEN01","2005",33.484,33.70358,39.03
"ZEN02","2005",33.91651,33.95035,39.03
"ANN01","2006",49.10816,47.09995,44.6
"ANN02","2006",49.18976,47.12447,44.6
"ANN03","2006",50.47512,48.02763,44.6
"ANN04","2006",48.97977,46.89264,44.6
"ANN05","2006",50.3715,47.85768,44.6
"ANN06","2006",46.96519,45.52462,44.6
"ANN07","2006",45.93233,44.82368,44.6
"ANN08","2006",47.52158,45.84663,44.6
"ANN09","2006",47.8981,46.01426,44.6
"ANN10","2006",46.68586,44.79253,44.6
"ANN11","2006",49.15371,46.58751,44.6
"ANN12","2006",51.39622,48.47422,44.6
"ANN13","2006",50.85748,48.01689,44.6
"ANN14","2006",51.56922,48.47121,44.6
"ANN15","2006",52.01591,48.60467,44.6
"ANN17","2006",52.59778,49.12082,44.6
"ANN18","2006",51.55535,48.23825,44.6
"ANN19","2006",51.06504,47.67957,44.6
"ANN20","2006",51.63774,47.99113,44.6
"ANN21","2006",52.3941,48.66501,44.6
"ANN22","2006",53.53176,48.79541,44.6
"ANN23","2006",53.51917,49.24557,44.6
"ANN24","2006",53.30469,49.32195,44.6
"ANN25","2006",53.37923,49.39882,44.6
"ANN27","2006",52.6233,49.08342,44.6
"ANN29","2006",54.59245,49.82215,51.36
"ANN30","2006",53.4631,49.22253,44.6
"ANN31","2006",52.86163,48.81716,44.6
"ANN32","2006",53.72902,49.33269,51.36
"ANN33","2006",52.43145,48.58611,51.36
"ANN34","2006",53.83584,49.29278,51.36
"ANN35","2006",52.03902,48.23112,51.36
"ANN36","2006",45.53475,44.42371,44.6
"ANN37","2006",54.19543,49.73224,44.6
"ANN38","2006",52.87458,48.89851,44.6
"APGAR01","2006",43.5443,42.29266,29.88
"ARBIT01","2006",37.73333,39.49115,29.88
"ARBIT02","2006",39.0105,40.1031,29.88
"ARBIT03","2006",38.9244,39.94027,29.88
"ARBIT04","2006",38.23973,39.68113,29.88
"ARBIT05","2006",37.80313,39.37393,29.88
"ATHEA02","2006",39.61205,40.21331,29.88
"BACKM02","2006",54.58951,50.56496,56.2
"BACKM03","2006",53.71598,49.85916,56.2
"BACKM04","2006",53.0652,49.49431,56.2
"BACKM05","2006",53.85606,50.23063,56.2
"BADGE01","2006",52.70284,50.22665,56.2
"BELTA01","2006",47.5573,44.50362,56.2
"BELTA02","2006",47.31853,44.33882,56.2
"BELTA03","2006",47.04782,44.157,56.2
"BELTA04","2006",46.66452,43.91248,56.2
"BELTA07","2006",47.5699,44.53059,56.2
"BELTA08","2006",46.54461,43.89611,56.2
"BERGE01","2006",43.47098,41.87775,29.88
"BOUV01","2006",43.61768,42.31524,29.88
"BOUV02","2006",43.34409,42.19044,29.88
"BOUV03","2006",43.32536,42.19157,29.88
"BOUV09","2006",44.51824,42.7613,29.88
"BOWES01","2006",38.03209,39.8047,29.88
"BOWES02","2006",37.58773,39.59823,29.88
"BOWES03","2006",38.26612,40.04661,29.88
"BUSH01","2006",37.43509,38.51245,29.88
"COCHR01","2006",43.88936,42.44716,29.88
"COOK01","2006",31.19311,33.71933,29.88
"COOK02","2006",30.21058,33.32301,29.88
"DOMAN01","2006",42.41514,41.15891,29.88
"ELIOT01","2006",36.75237,38.83509,29.88
"FERRA01","2006",41.85299,41.63966,29.88
"FOP04","2006",36.68261,37.6751,29.88
"FOP324","2006",34.58087,36.33568,29.88
"FOP333","2006",33.34249,35.68528,29.88
"FOP340","2006",31.58604,34.45984,29.88
"FRIDE01","2006",48.81013,45.67943,51.36
"GANAY01","2006",44.94076,42.94256,56.2
"GANAY02","2006",44.76542,42.85503,56.2
"GARD01","2006",43.6903,42.34939,29.88
"HALLO01","2006",45.14936,43.0515,56.2
"HALOW02","2006",37.35241,39.55418,29.88
"HOOD01","2006",55.62165,53.0357,56.2
"HOOD02","2006",55.43951,52.45726,56.2
"HOOD03","2006",54.5984,50.28122,56.2
"HOOD04","2006",54.88445,51.04015,56.2
"HOOD05","2006",54.27744,50.0539,56.2
"HOOD07","2006",53.14576,49.88017,56.2
"JLSP01","2006",41.31313,40.91563,29.88
"JLSP02","2006",41.67314,41.08784,29.88
"JLSP03","2006",40.32509,40.10714,29.88
"JLSP04","2006",40.43127,40.36256,29.88
"JLSP05","2006",40.21684,40.37739,29.88
"JLSP06","2006",39.67464,40.01133,29.88
"JLSP07","2006",39.25335,39.88763,29.88
"JLSP08","2006",39.17402,39.73138,29.88
"JLSP10","2006",39.30292,39.70338,29.88
"JLSP13","2006",39.61056,39.55135,29.88
"JLSP14","2006",39.14257,39.31229,29.88
"JLSP15","2006",39.46436,39.44506,29.88
"JLSP16","2006",41.29831,40.55589,29.88
"JLSP17","2006",40.64666,40.04877,29.88
"JOHNS01","2006",54.41448,51.4337,56.2
"JOHNS02","2006",54.59278,51.07987,56.2
"JROTH01","2006",39.26344,39.09737,29.88
"JROTH02","2006",39.91191,39.47927,29.88
"JROTH03","2006",38.25758,38.6986,29.88
"JROTH04","2006",36.56697,37.71943,29.88
"JROTH05","2006",34.67093,36.57284,29.88
"KLASS01","2006",36.67683,38.9238,29.88
"KLASS02","2006",36.34417,38.7746,29.88
"KUNDE01","2006",49.43422,46.02689,56.2
"KUNDE02","2006",49.22846,45.8434,56.2
"KUNDE03","2006",49.60016,46.12843,56.2
"KUNDE04","2006",49.87235,46.4079,56.2
"LARS01","2006",43.66352,42.34014,29.88
"LAZY04","2006",48.17631,44.98538,56.2
"LAZY05","2006",48.49199,45.22009,56.2
"LINS01","2006",32.75403,35.20752,29.88
"LUPIN01","2006",37.39124,39.25442,29.88
"MACKI01","2006",43.85828,42.56809,44.6
"MCCOR01","2006",55.35788,52.68232,56.2
"MCCOR02","2006",55.16917,52.02749,56.2
"MCCOR05","2006",54.97207,51.92154,56.2
"MCNEIL01","2006",42.48802,41.88899,29.88
"MCNEIL03","2006",42.2299,41.79684,29.88
"MESCH01","2006",50.44378,46.33636,51.36
"MITSU01","2006",34.35498,36.8054,29.88
"MITSU02","2006",33.14531,36.26896,29.88
"MITSU03","2006",36.04874,37.84721,29.88
"MITSU04","2006",37.25623,38.47165,29.88
"MOREL01","2006",28.02263,32.23595,29.88
"MOREL02","2006",28.14619,32.4797,29.88
"MROTH01","2006",31.78426,34.78185,29.88
"MROTH02","2006",30.29894,33.8154,29.88
"MROTH03","2006",30.25508,33.93409,29.88
"MUTTE01","2006",42.76812,41.98913,29.88
"MUTTE02","2006",42.77645,41.99088,29.88
"NELSO01","2006",41.3414,41.40318,29.88
"NELSO02","2006",41.21297,41.37225,29.88
"OTELL01","2006",49.15997,45.87458,51.36
"PARDI01","2006",36.89314,39.36678,29.88
"PARSO01","2006",49.96215,46.47747,51.36
"PETER01","2006",49.49865,46.20949,51.36
"PETSN01","2006",47.35564,44.3927,56.2
"PETSN02","2006",47.50726,44.48905,56.2
"PFEND01","2006",32.06927,35.72137,29.88
"PFEND02","2006",33.16977,36.31449,29.88
"PHILL01","2006",45.35339,43.22691,29.88
"PHILL02","2006",44.68609,42.83171,29.88
"PONTI02","2006",45.46964,43.22298,56.2
"REDDE01","2006",38.50336,40.22197,29.88
"REDDE02","2006",38.20285,40.10036,29.88
"SAWI01","2006",36.49417,39.38447,29.88
"SCHIEK01","2006",30.99248,34.55677,29.88
"SCHIEK02","2006",31.75773,35.154,29.88
"SDC01","2006",40.7806,40.68403,29.88
"SDC02","2006",41.31592,41.028,29.88
"SDC03","2006",40.31141,40.5503,29.88
"SDC04","2006",40.82785,40.8642,29.88
"SDC05","2006",40.97816,41.02707,29.88
"SDC06","2006",41.73543,41.36976,29.88
"SECRET01","2006",43.64988,42.34064,29.88
"SECRET02","2006",43.46627,42.26311,29.88
"SECRET03","2006",43.70319,42.36888,29.88
"SKILE01","2006",41.05791,40.25164,29.88
"SPAUL01","2006",55.89938,53.15602,56.2
"SPAUL02","2006",55.93944,53.40122,56.2
"SPIVY01","2006",48.62804,45.50105,51.36
"STATE123","2006",53.12693,50.13974,56.2
"SUGAR01","2006",50.36921,46.67859,56.2
"SUGAR04","2006",49.24986,45.71635,56.2
"SUGAR05","2006",49.84575,46.42791,56.2
"SUGAR07","2006",49.58293,46.11949,56.2
"SUGAR08","2006",50.29475,46.89669,56.2
"SUGAR09","2006",49.09558,45.73199,56.2
"SUGAR11","2006",48.56657,45.24097,56.2
"SUGAR12","2006",49.26467,45.86484,56.2
"SUGAR13","2006",51.08338,47.83029,56.2
"SUGAR15","2006",48.80159,45.45074,56.2
"SUGAR16","2006",48.99055,45.64813,56.2
"SUGAR17","2006",49.62091,46.20081,56.2
"SUGAR18","2006",50.32395,46.96645,56.2
"SUGAR19","2006",49.43134,46.06111,56.2
"SUGAR21","2006",49.93404,46.35233,56.2
"SUGAR23","2006",52.07992,48.3998,56.2
"SUGAR24","2006",51.26933,47.5427,56.2
"SUGAR30","2006",50.40654,46.702,56.2
"SUGAR31","2006",48.54262,45.20102,56.2
"SUGAR32","2006",52.55013,49.12789,56.2
"SUMTV01","2006",40.63157,38.71576,29.88
"SUMTV02","2006",40.58267,38.91812,29.88
"SVRP01","2006",42.80466,41.88234,29.88
"SVRP02","2006",42.13497,41.51014,29.88
"TELL02","2006",42.78376,41.96173,29.88
"TELL03","2006",42.44551,41.83256,29.88
"TELL04","2006",42.45212,41.79197,29.88
"TERRI02","2006",53.0761,50.64328,56.2
"TERRI03","2006",52.81284,50.29878,56.2
"VOTRU01","2006",50.4168,44.26358,51.36
"WATKI01","2006",46.10529,43.72117,51.36
"YAHNG01","2006",31.31586,34.40348,22.36
"YAHNG02","2006",29.83058,33.74112,22.36
"YAHNG03","2006",28.33532,32.9141,22.36
"ZEN01","2006",45.76439,43.41947,29.88
"ZEN02","2006",45.16475,42.98326,29.88
"ANN01","2007",21.47229,20.71405,24.33
"ANN02","2007",21.35433,20.60611,24.33
"ANN03","2007",22.52718,21.53853,24.33
"ANN04","2007",20.7792,20.11046,24.33
"ANN05","2007",22.0129,21.08253,24.33
"ANN06","2007",18.61053,18.45026,24.33
"ANN07","2007",17.63495,17.68443,24.33
"ANN08","2007",18.65178,18.46192,24.33
"ANN09","2007",18.34594,18.19356,24.33
"ANN10","2007",16.02383,16.27003,21.94
"ANN11","2007",17.66821,17.58897,21.94
"ANN12","2007",22.28115,21.29404,24.33
"ANN13","2007",20.23384,19.6834,21.94
"ANN14","2007",20.86461,20.17053,21.94
"ANN15","2007",21.82902,20.81561,21.94
"ANN17","2007",22.90042,21.78966,21.94
"ANN18","2007",19.77282,19.24788,21.94
"ANN19","2007",18.50971,18.21434,21.94
"ANN20","2007",18.79218,18.41996,21.94
"ANN21","2007",20.28981,19.60972,21.94
"ANN22","2007",18.85968,18.40512,21.94
"ANN23","2007",20.57458,19.80422,21.94
"ANN24","2007",22.00983,20.99221,21.94
"ANN25","2007",22.1608,21.14316,21.94
"ANN27","2007",23.483,22.443,21.94
"ANN29","2007",21.00522,20.14374,21.94
"ANN30","2007",22.32116,21.23298,21.94
"ANN31","2007",22.85409,21.68798,21.94
"ANN32","2007",21.86276,20.85016,21.94
"ANN33","2007",22.83865,21.7717,21.94
"ANN34","2007",21.42092,20.45426,21.94
"ANN35","2007",22.76287,21.65264,21.94
"ANN36","2007",16.79218,16.96655,24.33
"ANN37","2007",21.35335,20.461,21.94
"ANN38","2007",22.97385,21.81051,21.94
"APGAR01","2007",2.304205,8.162462,3.99
"ARBIT01","2007",24.98924,22.8076,23.61
"ARBIT02","2007",25.15336,23.11404,23.39
"ARBIT03","2007",25.52862,23.28869,23.39
"ARBIT04","2007",25.19659,23.13046,23.39
"ARBIT05","2007",25.17901,22.46445,23.39
"ATHEA02","2007",25.77874,23.35794,23.39
"BACKM02","2007",17.73793,17.99599,17.07
"BACKM03","2007",16.84296,17.44147,17.07
"BACKM04","2007",16.5771,17.27605,17.07
"BACKM05","2007",17.12191,17.63219,17.07
"BADGE01","2007",23.60906,22.36305,24.33
"BELTA01","2007",14.37973,15.48749,20.42
"BELTA02","2007",14.03916,15.20819,20.42
"BELTA03","2007",13.20642,14.62307,20.42
"BELTA04","2007",12.1194,13.83333,20.42
"BELTA07","2007",17.24362,17.23918,20.42
"BELTA08","2007",15.34185,15.77416,20.42
"BERGE01","2007",23.35733,21.52192,23.39
"BOUV01","2007",16.33242,16.35641,23.39
"BOUV02","2007",15.2838,15.66414,23.39
"BOUV03","2007",13.29815,14.34481,3.99
"BOUV09","2007",8.779598,11.37452,3.99
"BOWES01","2007",24.55589,22.86772,23.61
"BOWES02","2007",24.55326,22.84257,23.61
"BOWES03","2007",23.83301,22.49391,23.61
"BUSH01","2007",23.61541,21.19811,23.39
"COCHR01","2007",16.46134,16.44341,23.39
"COOK01","2007",15.99573,15.86699,6.44
"COOK02","2007",16.88233,16.57109,6.44
"DOMAN01","2007",23.25243,21.28932,23.39
"ELIOT01","2007",24.57966,22.49906,23.61
"FERRA01","2007",9.749149,12.13021,3.99
"FOP04","2007",20.76906,19.29966,23.39
"FOP324","2007",20.33564,19.06819,23.39
"FOP333","2007",20.23701,19.01118,23.39
"FOP340","2007",19.50644,18.54598,23.61
"FRIDE01","2007",23.59108,22.08293,20.42
"GANAY01","2007",6.616823,10.33439,3.99
"GANAY02","2007",5.775018,9.823387,3.99
"GARD01","2007",2.25311,8.233837,3.99
"HALLO01","2007",7.833091,11.05849,3.99
"HALOW02","2007",24.31839,22.90739,23.61
"HOOD01","2007",19.86672,19.52581,17.07
"HOOD02","2007",20.31395,19.78144,17.07
"HOOD03","2007",18.68582,18.543,17.07
"HOOD04","2007",19.19628,18.94341,17.07
"HOOD05","2007",19.65891,19.14168,17.07
"HOOD07","2007",19.02649,19.00544,17.07
"JLSP01","2007",25.86805,23.18978,23.39
"JLSP02","2007",25.77822,23.12855,23.39
"JLSP03","2007",25.18973,22.71523,23.39
"JLSP04","2007",25.88944,23.30042,23.39
"JLSP05","2007",25.99277,23.37977,23.39
"JLSP06","2007",25.85657,23.26263,23.39
"JLSP07","2007",25.82106,23.3086,23.39
"JLSP08","2007",25.68807,23.17729,23.39
"JLSP10","2007",25.52828,22.98346,23.39
"JLSP13","2007",24.34494,22.06513,23.39
"JLSP14","2007",24.2089,21.86484,23.39
"JLSP15","2007",23.4839,21.20402,23.39
"JLSP16","2007",23.87335,21.44257,23.39
"JLSP17","2007",22.84138,20.80698,23.39
"JOHNS01","2007",21.61189,20.77523,24.33
"JOHNS02","2007",20.57514,19.91203,17.07
"JROTH01","2007",20.70248,19.2616,21.94
"JROTH02","2007",21.20902,19.65768,23.39
"JROTH03","2007",21.41088,19.6534,23.39
"JROTH04","2007",21.28536,19.6231,23.39
"JROTH05","2007",20.84904,19.39225,23.39
"KLASS01","2007",24.51229,22.67162,23.61
"KLASS02","2007",24.31862,22.63928,23.61
"KUNDE01","2007",20.52127,19.88853,20.42
"KUNDE02","2007",20.32868,19.69994,20.42
"KUNDE03","2007",18.57198,18.47112,20.42
"KUNDE04","2007",18.92424,18.77335,20.42
"LARS01","2007",2.289756,8.237291,3.99
"LAZY04","2007",18.76956,18.38672,20.42
"LAZY05","2007",18.27762,18.1211,20.42
"LINS01","2007",19.3906,18.41022,23.39
"LUPIN01","2007",24.90761,22.7257,23.61
"MACKI01","2007",13.25431,13.91771,6.44
"MCCOR01","2007",17.19551,17.56741,17.07
"MCCOR02","2007",16.8884,17.36526,17.07
"MCCOR05","2007",16.74495,17.26005,17.07
"MCNEIL01","2007",5.353885,9.465112,3.99
"MCNEIL03","2007",6.394528,10.12972,3.99
"MESCH01","2007",20.19137,19.20333,21.94
"MITSU01","2007",22.14441,20.32389,23.61
"MITSU02","2007",21.59825,19.96611,23.61
"MITSU03","2007",23.39693,21.20863,23.39
"MITSU04","2007",23.8673,21.43781,23.39
"MOREL01","2007",17.81892,17.39713,23.61
"MOREL02","2007",18.14879,17.68606,23.61
"MROTH01","2007",20.03237,18.92438,23.61
"MROTH02","2007",19.34824,18.47542,23.61
"MROTH03","2007",19.58998,18.67916,23.61
"MUTTE01","2007",4.84595,9.317822,3.99
"MUTTE02","2007",5.62115,9.548381,3.99
"NELSO01","2007",15.06532,15.75189,23.39
"NELSO02","2007",14.68668,15.55558,23.39
"OTELL01","2007",23.52529,22.07596,20.42
"PARDI01","2007",24.2298,22.83649,23.61
"PARSO01","2007",23.25971,21.9956,21.94
"PETER01","2007",23.44563,22.05926,21.94
"PETSN01","2007",15.41229,16.03563,20.42
"PETSN02","2007",15.21495,15.96028,20.42
"PFEND01","2007",21.05028,19.98187,23.61
"PFEND02","2007",21.89865,20.49726,23.61
"PHILL01","2007",23.65943,21.66756,20.42
"PHILL02","2007",23.71351,21.64526,20.42
"PONTI02","2007",9.048292,11.7584,3.99
"REDDE01","2007",23.07266,22.1161,23.61
"REDDE02","2007",23.28942,22.29342,23.61
"SAWI01","2007",23.78864,22.60204,23.61
"SCHIEK01","2007",20.23155,19.17448,23.61
"SCHIEK02","2007",20.83162,19.67063,23.61
"SDC01","2007",25.93642,23.29021,23.39
"SDC02","2007",25.50687,22.90186,23.39
"SDC03","2007",25.77629,23.20878,23.39
"SDC04","2007",25.21712,22.73626,23.39
"SDC05","2007",23.92873,21.80733,23.39
"SDC06","2007",23.05336,21.07051,23.39
"SECRET01","2007",6.22552,10.38671,3.99
"SECRET02","2007",7.31532,10.88244,3.99
"SECRET03","2007",8.240899,11.33093,3.99
"SKILE01","2007",22.35576,20.48995,23.39
"SPAUL01","2007",18.07169,18.22597,17.07
"SPAUL02","2007",18.64818,18.64664,17.07
"SPIVY01","2007",23.67937,22.131,20.42
"STATE123","2007",22.89661,21.97967,24.33
"SUGAR01","2007",14.87919,16.20689,17.07
"SUGAR04","2007",13.96035,15.68479,17.07
"SUGAR05","2007",15.8572,16.74985,17.07
"SUGAR07","2007",14.65885,16.03064,17.07
"SUGAR08","2007",16.38176,17.10654,17.07
"SUGAR09","2007",14.34261,15.81451,17.07
"SUGAR11","2007",13.83609,15.49975,17.07
"SUGAR12","2007",14.65811,16.00524,17.07
"SUGAR13","2007",17.56338,17.96623,17.07
"SUGAR15","2007",14.95829,16.12664,17.07
"SUGAR16","2007",14.61308,15.95051,17.07
"SUGAR17","2007",16.61479,17.21351,17.07
"SUGAR18","2007",16.93707,17.48676,17.07
"SUGAR19","2007",15.46705,16.48676,17.07
"SUGAR21","2007",14.62292,16.04161,17.07
"SUGAR23","2007",15.42314,16.53338,17.07
"SUGAR24","2007",15.24601,16.43066,17.07
"SUGAR30","2007",15.12436,16.34648,17.07
"SUGAR31","2007",14.41359,15.7938,17.07
"SUGAR32","2007",15.72535,16.70385,17.07
"SUMTV01","2007",14.75531,14.82156,6.44
"SUMTV02","2007",15.63996,15.51677,6.44
"SVRP01","2007",21.4061,19.8435,23.39
"SVRP02","2007",23.8919,21.64256,23.39
"TELL02","2007",12.16257,13.60163,3.99
"TELL03","2007",11.09657,12.9921,3.99
"TELL04","2007",16.27096,16.34005,23.39
"TERRI02","2007",23.19952,22.02451,24.33
"TERRI03","2007",23.56869,22.31242,24.33
"VOTRU01","2007",12.76359,13.26875,6.44
"WATKI01","2007",24.30047,22.32205,20.42
"YAHNG01","2007",8.203178,10.0771,6.44
"YAHNG02","2007",8.188898,10.09672,6.44
"YAHNG03","2007",7.674157,9.807453,6.44
"ZEN01","2007",22.32484,20.80439,21.94
"ZEN02","2007",22.32065,20.76511,21.94
"ANN01","2008",20.00953,20.25879,21.39
"ANN02","2008",19.8447,20.18343,21.39
"ANN03","2008",19.04546,19.71763,14.2
"ANN04","2008",19.7813,20.24537,21.39
"ANN05","2008",18.85188,19.751,14.2
"ANN06","2008",20.52497,20.58807,21.39
"ANN07","2008",20.78908,20.69737,21.39
"ANN08","2008",20.28158,20.39134,21.39
"ANN09","2008",20.1004,20.24146,21.39
"ANN10","2008",20.62613,20.51304,21.39
"ANN11","2008",19.66865,19.97399,21.39
"ANN12","2008",17.6097,19.31949,14.2
"ANN13","2008",18.19558,19.39306,21.39
"ANN14","2008",17.44701,19.22334,14.2
"ANN15","2008",16.76183,19.44732,14.2
"ANN17","2008",15.79681,19.0283,14.2
"ANN18","2008",17.8186,19.46888,21.39
"ANN19","2008",18.62516,19.77803,21.39
"ANN20","2008",18.23201,19.73384,21.39
"ANN21","2008",16.9759,19.43098,14.2
"ANN22","2008",17.47778,19.72698,14.2
"ANN23","2008",15.97785,19.31319,14.2
"ANN24","2008",15.04443,19.10295,14.2
"ANN25","2008",14.85011,19.01335,14.2
"ANN27","2008",16.04864,19.17721,14.2
"ANN29","2008",15.45575,19.17216,14.2
"ANN30","2008",14.86945,19.30241,14.2
"ANN31","2008",15.3437,19.57142,14.2
"ANN32","2008",15.44335,19.30099,14.2
"ANN33","2008",16.21471,19.53226,14.2
"ANN34","2008",16.45443,19.43278,14.2
"ANN35","2008",17.02821,19.801,14.2
"ANN36","2008",20.84434,20.68181,21.39
"ANN37","2008",14.97415,19.04548,14.2
"ANN38","2008",15.23427,19.48709,14.2
"APGAR01","2008",19.66832,21.60584,18.48
"ARBIT01","2008",26.03632,24.94759,28.12
"ARBIT02","2008",23.73895,23.9633,18.99
"ARBIT03","2008",24.32281,24.2143,18.99
"ARBIT04","2008",25.29892,24.77984,18.99
"ARBIT05","2008",26.34822,24.52893,27.47
"ATHEA02","2008",23.4358,23.65379,18.99
"BACKM02","2008",28.37065,26.53032,35.55
"BACKM03","2008",29.81609,27.31718,35.55
"BACKM04","2008",30.75618,28.12838,35.55
"BACKM05","2008",29.53157,27.47262,35.55
"BADGE01","2008",21.8002,21.7509,14.2
"BELTA01","2008",31.48755,28.99146,35.55
"BELTA02","2008",30.7185,28.54697,35.55
"BELTA03","2008",29.9886,28.20641,35.55
"BELTA04","2008",28.75108,27.50256,25.64
"BELTA07","2008",29.72439,27.61721,25.64
"BELTA08","2008",27.30025,26.40986,25.64
"BERGE01","2008",24.20732,22.80231,27.47
"BOUV01","2008",19.53,20.80345,18.99
"BOUV02","2008",18.84293,20.45701,18.99
"BOUV03","2008",18.53914,20.21098,18.48
"BOUV09","2008",20.93812,22.02993,18.48
"BOWES01","2008",25.41044,24.9669,28.12
"BOWES02","2008",26.15212,25.33336,28.12
"BOWES03","2008",24.97326,24.72481,28.12
"BUSH01","2008",27.35703,23.87373,27.47
"COCHR01","2008",20.11717,21.16096,18.99
"COOK01","2008",16.16882,19.63967,15.58
"COOK02","2008",16.51153,20.07521,15.58
"DOMAN01","2008",24.71666,22.98343,27.47
"ELIOT01","2008",27.1492,25.29265,27.47
"FERRA01","2008",18.89886,19.32947,18.48
"FOP04","2008",23.4275,22.60165,27.47
"FOP324","2008",22.69151,22.48158,27.47
"FOP333","2008",22.49533,22.51803,27.47
"FOP340","2008",20.87318,22.02415,15.58
"FRIDE01","2008",21.43918,21.78697,25.64
"GANAY01","2008",22.47715,23.38764,18.48
"GANAY02","2008",21.91404,23.05042,18.48
"GARD01","2008",20.04954,21.9128,18.48
"HALLO01","2008",23.15151,23.76791,18.48
"HALOW02","2008",26.54587,25.79459,28.12
"HOOD01","2008",25.25118,24.96996,35.55
"HOOD02","2008",25.10199,24.78886,35.55
"HOOD03","2008",27.54511,25.8567,35.55
"HOOD04","2008",26.81437,25.7667,35.55
"HOOD05","2008",26.7068,25.43501,35.55
"HOOD07","2008",28.3923,27.14993,35.55
"JLSP01","2008",22.99217,23.07767,18.99
"JLSP02","2008",23.04974,23.03805,18.99
"JLSP03","2008",25.81847,23.90299,27.47
"JLSP04","2008",24.43381,23.71181,27.47
"JLSP05","2008",23.62082,23.53469,18.99
"JLSP06","2008",24.91008,24.01916,27.47
"JLSP07","2008",24.86427,24.17474,27.47
"JLSP08","2008",25.55609,24.30339,27.47
"JLSP10","2008",25.92751,24.24562,27.47
"JLSP13","2008",26.59219,23.93039,27.47
"JLSP14","2008",26.83644,23.92907,27.47
"JLSP15","2008",26.35557,23.51112,27.47
"JLSP16","2008",25.54166,23.2969,27.47
"JLSP17","2008",25.29979,23.1074,27.47
"JOHNS01","2008",24.27812,24.15216,14.2
"JOHNS02","2008",25.44559,24.98812,35.55
"JROTH01","2008",23.08222,22.36982,27.47
"JROTH02","2008",23.69184,22.52444,27.47
"JROTH03","2008",24.29807,22.78652,27.47
"JROTH04","2008",24.38352,22.88216,27.47
"JROTH05","2008",23.74671,22.82175,27.47
"KLASS01","2008",27.13822,25.65178,28.12
"KLASS02","2008",27.33174,25.92355,28.12
"KUNDE01","2008",28.80095,27.38703,35.55
"KUNDE02","2008",29.10452,27.52312,25.64
"KUNDE03","2008",31.95962,28.80752,35.55
"KUNDE04","2008",31.45424,28.77919,35.55
"LARS01","2008",19.79159,21.79982,18.48
"LAZY04","2008",29.96692,27.86981,25.64
"LAZY05","2008",31.08113,28.52625,35.55
"LINS01","2008",20.70189,21.9262,15.58
"LUPIN01","2008",26.53728,25.09774,27.47
"MACKI01","2008",21.33921,20.6118,21.39
"MCCOR01","2008",26.95009,26.52326,35.55
"MCCOR02","2008",27.38334,26.64931,35.55
"MCCOR05","2008",27.39912,26.70324,35.55
"MCNEIL01","2008",18.93315,20.00122,18.48
"MCNEIL03","2008",19.29939,19.99715,18.48
"MESCH01","2008",20.88428,20.67462,23.71
"MITSU01","2008",26.24927,23.77694,27.47
"MITSU02","2008",25.32783,23.64516,27.47
"MITSU03","2008",27.52393,24.23597,27.47
"MITSU04","2008",27.54127,24.08231,27.47
"MOREL01","2008",17.68014,20.57808,15.58
"MOREL02","2008",18.52673,20.92637,15.58
"MROTH01","2008",22.05248,22.49614,27.47
"MROTH02","2008",20.54627,21.9969,15.58
"MROTH03","2008",21.15987,22.27787,15.58
"MUTTE01","2008",18.42736,20.24786,18.48
"MUTTE02","2008",18.15102,19.77664,18.48
"NELSO01","2008",18.93789,19.59071,18.99
"NELSO02","2008",19.3358,19.74884,18.99
"OTELL01","2008",21.96765,22.32348,25.64
"PARDI01","2008",27.15441,26.1248,28.12
"PARSO01","2008",21.71417,22.40487,14.2
"PETER01","2008",20.77401,21.4802,14.2
"PETSN01","2008",30.118,28.26108,25.64
"PETSN02","2008",30.79121,28.65065,35.55
"PFEND01","2008",24.37495,24.06764,27.47
"PFEND02","2008",25.69481,24.40358,27.47
"PHILL01","2008",23.46521,23.02353,25.64
"PHILL02","2008",22.88846,22.7316,25.64
"PONTI02","2008",24.29521,24.45407,18.48
"REDDE01","2008",24.52543,24.43939,28.12
"REDDE02","2008",25.15077,24.91523,28.12
"SAWI01","2008",27.74327,26.52104,28.12
"SCHIEK01","2008",22.62875,22.89877,27.47
"SCHIEK02","2008",23.88924,23.50225,27.47
"SDC01","2008",22.8559,23.12609,18.99
"SDC02","2008",21.56726,22.47103,18.99
"SDC03","2008",22.42753,23.0539,18.99
"SDC04","2008",21.11853,22.30726,18.99
"SDC05","2008",19.97784,21.52882,18.99
"SDC06","2008",19.35079,21.07309,18.99
"SECRET01","2008",18.66249,21.25606,18.48
"SECRET02","2008",18.34539,20.81629,18.48
"SECRET03","2008",18.80252,20.96156,18.48
"SKILE01","2008",24.69627,22.87078,27.47
"SPAUL01","2008",26.61023,26.21894,35.55
"SPAUL02","2008",26.07065,25.775,35.55
"SPIVY01","2008",22.08541,22.24742,25.64
"STATE123","2008",22.35899,22.6638,14.2
"SUGAR01","2008",34.10654,29.03491,35.55
"SUGAR04","2008",33.65598,29.5677,35.55
"SUGAR05","2008",35.13221,30.84219,35.55
"SUGAR07","2008",34.90276,30.55236,35.55
"SUGAR08","2008",34.63342,30.74648,35.55
"SUGAR09","2008",34.83644,31.27949,35.55
"SUGAR11","2008",34.27776,30.75545,35.55
"SUGAR12","2008",35.0964,30.98994,35.55
"SUGAR13","2008",32.73515,30.38503,35.55
"SUGAR15","2008",34.80887,30.5826,35.55
"SUGAR16","2008",35.02575,31.30952,35.55
"SUGAR17","2008",34.52574,30.40437,35.55
"SUGAR18","2008",34.12649,30.80145,35.55
"SUGAR19","2008",35.24491,31.25941,35.55
"SUGAR21","2008",34.34385,29.65043,35.55
"SUGAR23","2008",31.73396,28.42843,35.55
"SUGAR24","2008",33.04576,28.68828,35.55
"SUGAR30","2008",34.4333,28.99573,35.55
"SUGAR31","2008",34.49596,30.14071,35.55
"SUGAR32","2008",31.27876,28.81431,35.55
"SUMTV01","2008",19.15761,19.83191,15.58
"SUMTV02","2008",19.07905,20.06577,15.58
"SVRP01","2008",19.4813,21.02626,18.99
"SVRP02","2008",20.10727,21.55719,18.99
"TELL02","2008",17.78643,19.51805,18.48
"TELL03","2008",17.72793,19.466,18.48
"TELL04","2008",17.93706,19.68717,18.99
"TERRI02","2008",22.40358,22.28587,14.2
"TERRI03","2008",21.8824,21.86204,14.2
"VOTRU01","2008",23.15567,20.13314,23.71
"WATKI01","2008",23.37171,22.86076,25.64
"YAHNG01","2008",20.9913,20.98795,19.35
"YAHNG02","2008",20.67329,21.12082,19.35
"YAHNG03","2008",20.48519,21.05206,19.35
"ZEN01","2008",22.74673,21.9782,27.47
"ZEN02","2008",23.0189,22.11876,27.47
"ANN01","2009",13.59258,14.61337,11.67
"ANN02","2009",13.46138,14.5326,11.67
"ANN03","2009",10.91798,13.99252,11.67
"ANN04","2009",13.97641,14.63671,11.67
"ANN05","2009",11.17897,14.02643,11.67
"ANN06","2009",17.17809,15.25227,20.99
"ANN07","2009",18.31985,15.50989,20.99
"ANN08","2009",16.806,15.038,20.99
"ANN09","2009",16.78025,14.92426,20.99
"ANN10","2009",18.894,15.52569,20.99
"ANN11","2009",16.44078,14.72898,20.99
"ANN12","2009",8.934114,13.53557,11.67
"ANN13","2009",12.02694,13.79468,20.99
"ANN14","2009",10.21446,13.53316,3.59
"ANN15","2009",8.146085,13.61295,3.59
"ANN17","2009",5.592676,13.06379,3.59
"ANN18","2009",11.80353,13.88498,20.99
"ANN19","2009",14.05035,14.35513,20.99
"ANN20","2009",13.17175,14.24395,20.99
"ANN21","2009",9.98072,13.71966,3.59
"ANN22","2009",11.61294,14.07112,3.59
"ANN23","2009",8.089542,13.42469,3.59
"ANN24","2009",5.419809,13.00907,3.59
"ANN25","2009",5.003472,12.84744,3.59
"ANN27","2009",5.87883,12.92164,3.59
"ANN29","2009",6.406629,12.6162,3.59
"ANN30","2009",4.832702,12.50353,3.59
"ANN31","2009",5.384657,12.59657,3.59
"ANN32","2009",5.601836,12.20659,3.59
"ANN33","2009",6.535046,11.96297,3.59
"ANN34","2009",6.77522,11.9942,3.59
"ANN35","2009",7.226838,11.61364,3.59
"ANN36","2009",18.97444,15.62628,20.99
"ANN37","2009",5.711926,12.69638,3.59
"ANN38","2009",5.170743,12.73216,3.59
"APGAR01","2009",5.310599,8.867201,2.89
"ARBIT01","2009",14.65104,13.81712,24.8
"ARBIT02","2009",10.6552,10.25688,1.61
"ARBIT03","2009",10.08944,10.1073,1.61
"ARBIT04","2009",12.876,12.22279,1.61
"ARBIT05","2009",12.70062,13.27994,1.61
"ATHEA02","2009",7.455568,8.212852,1.61
"BACKM02","2009",27.25204,22.73252,30.66
"BACKM03","2009",26.48474,22.98702,30.66
"BACKM04","2009",25.50297,23.23189,19.99
"BACKM05","2009",26.51484,23.25985,30.66
"BADGE01","2009",15.61069,17.41273,11.67
"BELTA01","2009",16.75143,16.31674,19.99
"BELTA02","2009",16.06256,15.65154,19.99
"BELTA03","2009",15.01996,15.04663,19.99
"BELTA04","2009",13.60907,14.01799,19.99
"BELTA07","2009",18.38353,15.01666,23.18
"BELTA08","2009",13.42591,12.0148,23.18
"BERGE01","2009",6.63488,9.113213,7.15748
"BOUV01","2009",0.817204,4.204007,1.61
"BOUV02","2009",0.734097,4.139861,1.61
"BOUV03","2009",1.022777,4.139107,2.89
"BOUV09","2009",4.219018,6.849893,2.89
"BOWES01","2009",15.52928,13.99846,24.8
"BOWES02","2009",17.00837,15.14884,24.8
"BOWES03","2009",16.01211,14.31033,24.8
"BUSH01","2009",10.67307,12.84465,7.15748
"COCHR01","2009",1.218603,4.605968,1.61
"COOK01","2009",19.02955,16.83971,22.84
"COOK02","2009",18.39064,16.70405,22.84
"DOMAN01","2009",7.194899,9.93459,7.15748
"ELIOT01","2009",15.98295,14.94913,24.8
"FERRA01","2009",5.508954,5.788435,2.89
"FOP04","2009",13.45553,13.85437,7.15748
"FOP324","2009",14.64628,14.44415,7.15748
"FOP333","2009",15.20012,14.96409,7.15748
"FOP340","2009",16.3091,15.68705,7.15748
"FRIDE01","2009",10.04859,10.20028,23.18
"GANAY01","2009",6.663896,9.53166,2.89
"GANAY02","2009",6.176257,9.208314,2.89
"GARD01","2009",5.668878,9.33516,2.89
"HALLO01","2009",7.268141,9.848692,2.89
"HALOW02","2009",18.63164,16.29607,24.8
"HOOD01","2009",27.73114,23.55795,30.66
"HOOD02","2009",26.38866,22.56352,30.66
"HOOD03","2009",26.26075,21.74378,30.66
"HOOD04","2009",26.13435,22.10409,30.66
"HOOD05","2009",24.57287,21.00502,30.66
"HOOD07","2009",24.20667,21.92163,30.66
"JLSP01","2009",2.756499,6.025086,1.61
"JLSP02","2009",2.264507,5.882466,1.61
"JLSP03","2009",5.680134,8.538789,7.15748
"JLSP04","2009",4.776847,7.221879,1.61
"JLSP05","2009",5.241254,7.177927,1.61
"JLSP06","2009",6.57903,8.434417,1.61
"JLSP07","2009",7.958315,9.118124,1.61
"JLSP08","2009",7.854813,9.295929,1.61
"JLSP10","2009",7.379139,9.31319,1.61
"JLSP13","2009",7.470741,9.909798,7.15748
"JLSP14","2009",8.150537,10.64837,7.15748
"JLSP15","2009",8.556705,11.40499,7.15748
"JLSP16","2009",6.62714,10.58239,7.15748
"JLSP17","2009",8.740318,11.3353,7.15748
"JOHNS01","2009",21.81565,20.55398,30.66
"JOHNS02","2009",23.71673,21.17768,30.66
"JROTH01","2009",12.869,13.28715,7.15748
"JROTH02","2009",11.82762,12.6774,7.15748
"JROTH03","2009",12.02278,13.43797,7.15748
"JROTH04","2009",12.8721,13.79404,7.15748
"JROTH05","2009",14.16851,14.43731,7.15748
"KLASS01","2009",17.47769,15.76603,24.8
"KLASS02","2009",18.58105,16.57431,24.8
"KUNDE01","2009",24.13133,17.07262,23.18
"KUNDE02","2009",23.91732,16.93031,23.18
"KUNDE03","2009",23.58561,18.91859,19.99
"KUNDE04","2009",24.03428,19.14925,19.99
"LARS01","2009",5.315764,9.087612,2.89
"LAZY04","2009",21.07405,15.87667,23.18
"LAZY05","2009",21.7133,16.96293,23.18
"LINS01","2009",16.05243,15.28139,7.15748
"LUPIN01","2009",15.06928,14.20082,24.8
"MACKI01","2009",20.12283,16.03832,20.99
"MCCOR01","2009",30.87012,26.27726,30.66
"MCCOR02","2009",30.5283,25.61169,30.66
"MCCOR05","2009",30.50599,25.84773,30.66
"MCNEIL01","2009",5.267916,6.873235,2.89
"MCNEIL03","2009",6.028855,7.148866,2.89
"MESCH01","2009",11.85987,11.9352,7.15748
"MITSU01","2009",14.62761,15.06057,7.15748
"MITSU02","2009",16.05413,16.05508,7.15748
"MITSU03","2009",13.10282,13.99244,7.15748
"MITSU04","2009",11.04339,12.88794,7.15748
"MOREL01","2009",17.94528,17.53185,7.15748
"MOREL02","2009",18.01861,17.87662,7.15748
"MROTH01","2009",16.07492,15.7386,7.15748
"MROTH02","2009",16.95121,16.4856,7.15748
"MROTH03","2009",17.14753,16.81844,7.15748
"MUTTE01","2009",4.196967,6.847973,2.89
"MUTTE02","2009",3.640332,5.810401,2.89
"NELSO01","2009",5.551759,5.581616,1.61
"NELSO02","2009",6.413567,6.243062,1.61
"OTELL01","2009",13.35179,11.35477,23.18
"PARDI01","2009",20.24789,17.57075,24.8
"PARSO01","2009",15.49147,12.69118,23.18
"PETER01","2009",10.66448,10.709,23.18
"PETSN01","2009",16.87971,15.10193,19.99
"PETSN02","2009",17.2009,15.72553,19.99
"PFEND01","2009",18.96498,18.49545,24.8
"PFEND02","2009",17.80942,17.18521,24.8
"PHILL01","2009",4.735018,7.098692,2.933071
"PHILL02","2009",2.679907,6.203214,2.933071
"PONTI02","2009",8.560314,10.51099,2.89
"REDDE01","2009",15.85999,14.1327,24.8
"REDDE02","2009",17.13104,15.21733,24.8
"SAWI01","2009",23.00162,19.90578,24.8
"SCHIEK01","2009",17.22085,16.95805,7.15748
"SCHIEK02","2009",17.49081,17.16669,7.15748
"SDC01","2009",3.792646,6.245522,1.61
"SDC02","2009",2.4714,5.300339,1.61
"SDC03","2009",5.200521,6.817018,1.61
"SDC04","2009",3.838933,5.715086,1.61
"SDC05","2009",3.802831,5.249829,1.61
"SDC06","2009",1.698472,4.140829,1.61
"SECRET01","2009",2.713934,7.232828,2.89
"SECRET02","2009",2.273207,6.399123,2.89
"SECRET03","2009",2.258068,6.180872,2.89
"SKILE01","2009",9.408235,11.54944,7.15748
"SPAUL01","2009",30.23862,25.34204,30.66
"SPAUL02","2009",29.86333,25.08858,30.66
"SPIVY01","2009",11.52546,10.4964,23.18
"STATE123","2009",16.14394,17.73633,11.67
"SUGAR01","2009",20.79576,21.5871,19.99
"SUGAR04","2009",18.79359,20.86225,19.99
"SUGAR05","2009",20.62036,21.1557,19.99
"SUGAR07","2009",19.26208,21.22282,19.99
"SUGAR08","2009",21.66624,21.60201,19.99
"SUGAR09","2009",18.35149,20.75668,19.99
"SUGAR11","2009",17.36492,19.74759,19.99
"SUGAR12","2009",18.77444,20.78498,19.99
"SUGAR13","2009",23.38914,22.10268,19.99
"SUGAR15","2009",18.58537,19.55259,19.99
"SUGAR16","2009",18.40232,20.35666,19.99
"SUGAR17","2009",21.35463,20.31497,19.99
"SUGAR18","2009",22.30074,21.46106,19.99
"SUGAR19","2009",19.74655,20.77605,19.99
"SUGAR21","2009",19.93637,21.4611,19.99
"SUGAR23","2009",24.3025,23.10955,19.99
"SUGAR24","2009",22.60036,22.32871,19.99
"SUGAR30","2009",20.86373,21.42659,19.99
"SUGAR31","2009",17.78328,19.14146,19.99
"SUGAR32","2009",25.06286,23.85507,19.99
"SUMTV01","2009",20.78328,16.29296,22.84
"SUMTV02","2009",20.19042,15.90525,22.84
"SVRP01","2009",0.153003,3.899125,1.61
"SVRP02","2009",0.819304,4.233449,1.61
"TELL02","2009",1.529952,3.857718,2.89
"TELL03","2009",2.485968,4.568486,2.89
"TELL04","2009",1.274256,3.508793,1.61
"TERRI02","2009",17.5864,18.39885,11.67
"TERRI03","2009",15.8309,17.56618,11.67
"VOTRU01","2009",21.53655,16.06386,22.84
"WATKI01","2009",6.29107,7.966026,2.933071
"YAHNG01","2009",16.68144,17.23783,11.97
"YAHNG02","2009",16.26552,17.26031,11.97
"YAHNG03","2009",15.44431,17.31844,11.97
"ZEN01","2009",8.302735,10.02458,7.15748
"ZEN02","2009",8.392083,10.12077,7.15748
"ANN01","2010",16.34599,18.12136,9.61
"ANN02","2010",17.0196,18.54468,9.61
"ANN03","2010",15.9593,17.77367,9.61
"ANN04","2010",18.53602,19.56168,9.61
"ANN05","2010",17.50929,18.82819,9.61
"ANN06","2010",21.64889,21.67164,29.48
"ANN07","2010",22.92107,22.57554,29.48
"ANN08","2010",22.29358,22.00536,29.48
"ANN09","2010",23.47221,22.72962,29.48
"ANN10","2010",26.85292,25.1029,29.48
"ANN11","2010",25.93563,24.37769,29.48
"ANN12","2010",18.96815,19.83774,9.61
"ANN13","2010",22.83327,22.28201,29.48
"ANN14","2010",22.53242,22.16833,29.48
"ANN15","2010",21.32095,21.56754,9.61
"ANN17","2010",20.68504,21.34591,9.61
"ANN18","2010",24.53451,23.5267,29.48
"ANN19","2010",26.11104,24.57952,29.48
"ANN20","2010",26.173,24.67605,29.48
"ANN21","2010",24.67854,23.77417,29.48
"ANN22","2010",27.71656,26.04513,29.48
"ANN23","2010",25.86382,24.86751,29.48
"ANN24","2010",24.11124,23.85556,9.61
"ANN25","2010",24.37983,24.13707,9.61
"ANN27","2010",21.82512,22.57173,9.61
"ANN29","2010",28.75527,27.75644,30.85
"ANN30","2010",27.24758,26.75724,9.61
"ANN31","2010",26.77143,26.53411,32.65
"ANN32","2010",29.13961,28.39278,30.85
"ANN33","2010",28.86266,28.41288,32.65
"ANN34","2010",30.66225,29.83865,30.85
"ANN35","2010",30.62635,30.00545,32.65
"ANN36","2010",24.52249,23.62339,29.48
"ANN37","2010",27.27164,26.43195,29.48
"ANN38","2010",25.56936,25.54113,9.61
"APGAR01","2010",19.02609,22.77773,21.55
"ARBIT01","2010",33.68927,32.6563,33.12
"ARBIT02","2010",33.4036,32.49855,33.12
"ARBIT03","2010",34.03542,33.07327,33.12
"ARBIT04","2010",33.71514,32.81001,33.12
"ARBIT05","2010",34.19629,32.93967,33.12
"ATHEA02","2010",34.58623,33.48173,40.598425
"BACKM02","2010",14.9946,20.07193,9.61
"BACKM03","2010",16.43394,21.1953,9.61
"BACKM04","2010",17.36362,21.78361,32.65
"BACKM05","2010",16.23519,20.87646,9.61
"BADGE01","2010",9.037115,13.65616,9.61
"BELTA01","2010",24.99276,27.84447,34.73
"BELTA02","2010",25.15025,27.95678,34.73
"BELTA03","2010",24.72976,27.6729,34.73
"BELTA04","2010",24.37528,27.39824,34.73
"BELTA07","2010",28.94661,30.35225,34.73
"BELTA08","2010",28.95905,30.51668,34.73
"BERGE01","2010",36.15353,35.87966,35.208661
"BOUV01","2010",31.65009,31.12751,21.55
"BOUV02","2010",30.37024,30.13682,21.55
"BOUV03","2010",28.71939,29.00356,21.55
"BOUV09","2010",25.60089,27.46591,21.55
"BOWES01","2010",32.9948,32.15818,33.12
"BOWES02","2010",33.20108,32.30924,33.12
"BOWES03","2010",32.25028,31.54955,33.12
"BUSH01","2010",34.59192,33.8527,35.208661
"COCHR01","2010",32.08865,31.52266,40.598425
"COOK01","2010",32.47968,31.82554,32.83
"COOK02","2010",32.83986,32.11854,32.83
"DOMAN01","2010",35.76926,35.47019,35.208661
"ELIOT01","2010",33.9388,32.95793,33.12
"FERRA01","2010",23.0351,24.52779,21.55
"FOP04","2010",33.74267,33.51741,35.208661
"FOP324","2010",33.60727,33.34202,32.83
"FOP333","2010",33.57998,33.14589,32.83
"FOP340","2010",33.46217,32.91325,32.83
"FRIDE01","2010",35.99363,34.69498,32.65
"GANAY01","2010",22.80463,25.81822,21.55
"GANAY02","2010",22.23534,25.36228,21.55
"GARD01","2010",18.87146,22.77873,21.55
"HALLO01","2010",23.69272,26.49252,21.55
"HALOW02","2010",33.0858,32.2947,33.12
"HOOD01","2010",10.58947,16.02108,9.61
"HOOD02","2010",10.51447,16.04182,9.61
"HOOD03","2010",14.47174,19.67967,9.61
"HOOD04","2010",13.54182,18.6875,9.61
"HOOD05","2010",14.33476,19.37327,9.61
"HOOD07","2010",17.29406,20.86951,32.65
"JLSP01","2010",37.00049,35.3056,40.598425
"JLSP02","2010",37.46194,35.66856,40.598425
"JLSP03","2010",36.33501,35.42707,35.208661
"JLSP04","2010",36.37721,35.13197,35.208661
"JLSP05","2010",35.7621,34.46483,35.208661
"JLSP06","2010",35.62786,34.51377,35.208661
"JLSP07","2010",35.04946,34.00087,35.208661
"JLSP08","2010",35.29678,34.32614,35.208661
"JLSP10","2010",35.55808,34.61163,35.208661
"JLSP13","2010",35.59871,35.11025,35.208661
"JLSP14","2010",35.34229,34.79718,35.208661
"JLSP15","2010",35.13163,34.63251,35.208661
"JLSP16","2010",35.9955,35.12921,35.208661
"JLSP17","2010",35.02858,34.74805,35.208661
"JOHNS01","2010",11.10086,15.96605,9.61
"JOHNS02","2010",12.53528,17.53555,9.61
"JROTH01","2010",33.80276,33.71755,35.208661
"JROTH02","2010",34.03185,34.03883,35.208661
"JROTH03","2010",34.0123,33.6678,35.208661
"JROTH04","2010",33.87434,33.54602,35.208661
"JROTH05","2010",33.70509,33.32344,32.83
"KLASS01","2010",33.76721,32.83298,33.12
"KLASS02","2010",33.7383,32.8372,33.12
"KUNDE01","2010",29.08083,29.82997,32.65
"KUNDE02","2010",29.35138,30.10281,32.65
"KUNDE03","2010",26.11045,27.90682,32.65
"KUNDE04","2010",25.88559,27.64732,32.65
"LARS01","2010",19.09102,22.90762,21.55
"LAZY04","2010",29.65394,30.70562,32.65
"LAZY05","2010",28.24945,29.73707,32.65
"LINS01","2010",33.44027,32.98229,32.83
"LUPIN01","2010",33.84631,32.82143,33.12
"MACKI01","2010",28.73918,26.86837,29.48
"MCCOR01","2010",13.53798,19.10927,9.61
"MCCOR02","2010",14.03197,19.64986,9.61
"MCCOR05","2010",14.18457,19.82159,9.61
"MCNEIL01","2010",20.54413,23.10237,21.55
"MCNEIL03","2010",20.84815,23.21894,21.55
"MESCH01","2010",33.38623,33.22987,35.208661
"MITSU01","2010",33.86108,33.09999,35.208661
"MITSU02","2010",33.70712,32.73011,32.83
"MITSU03","2010",34.19069,33.43269,35.208661
"MITSU04","2010",34.56371,33.7895,35.208661
"MOREL01","2010",33.00629,32.01447,32.83
"MOREL02","2010",32.99581,31.92782,32.83
"MROTH01","2010",33.53403,32.90147,32.83
"MROTH02","2010",33.41245,32.61765,32.83
"MROTH03","2010",33.41469,32.52041,32.83
"MUTTE01","2010",20.80209,23.46549,21.55
"MUTTE02","2010",21.55437,23.87823,21.55
"NELSO01","2010",26.27255,26.77193,21.55
"NELSO02","2010",25.80765,26.42693,21.55
"OTELL01","2010",35.05199,33.76396,32.65
"PARDI01","2010",33.23434,32.38661,33.12
"PARSO01","2010",32.52957,31.69384,32.65
"PETER01","2010",34.83592,33.71818,32.65
"PETSN01","2010",26.97791,29.20598,34.73
"PETSN02","2010",26.31417,28.75049,34.73
"PFEND01","2010",33.36743,32.34044,32.83
"PFEND02","2010",33.63736,32.70926,32.83
"PHILL01","2010",39.23391,36.77078,40.598425
"PHILL02","2010",39.10916,36.58278,40.598425
"PONTI02","2010",24.25258,26.98808,21.55
"REDDE01","2010",31.55874,31.04366,33.12
"REDDE02","2010",31.85933,31.29528,33.12
"SAWI01","2010",33.0435,32.17385,33.12
"SCHIEK01","2010",33.4714,32.54982,32.83
"SCHIEK02","2010",33.51359,32.59897,32.83
"SDC01","2010",36.19129,34.68912,40.598425
"SDC02","2010",36.14598,34.43539,40.598425
"SDC03","2010",35.08108,33.74307,40.598425
"SDC04","2010",34.8122,33.37563,40.598425
"SDC05","2010",33.41034,32.19116,40.598425
"SDC06","2010",33.94085,32.52623,40.598425
"SECRET01","2010",23.31108,25.59571,21.55
"SECRET02","2010",24.06293,25.96444,21.55
"SECRET03","2010",25.05505,26.70625,21.55
"SKILE01","2010",34.76942,34.63515,35.208661
"SPAUL01","2010",12.63482,18.03287,9.61
"SPAUL02","2010",11.85047,17.25155,9.61
"SPIVY01","2010",36.23819,34.77586,32.65
"STATE123","2010",13.86408,17.19911,9.61
"SUGAR01","2010",19.96788,24.15152,32.65
"SUGAR04","2010",20.23873,24.54506,32.65
"SUGAR05","2010",22.22596,25.5582,32.65
"SUGAR07","2010",20.97809,24.89602,32.65
"SUGAR08","2010",22.0393,25.26765,32.65
"SUGAR09","2010",21.36911,25.24568,32.65
"SUGAR11","2010",21.58498,25.45709,32.65
"SUGAR12","2010",21.57184,25.33096,32.65
"SUGAR13","2010",21.6369,24.57509,32.65
"SUGAR15","2010",22.95022,26.29876,32.65
"SUGAR16","2010",22.03492,25.69053,32.65
"SUGAR17","2010",23.619,26.47073,32.65
"SUGAR18","2010",22.60748,25.57613,32.65
"SUGAR19","2010",22.46484,25.85294,32.65
"SUGAR21","2010",20.28314,24.42381,32.65
"SUGAR23","2010",18.02316,22.68126,32.65
"SUGAR24","2010",19.05493,23.42978,32.65
"SUGAR30","2010",20.27647,24.29255,32.65
"SUGAR31","2010",22.65197,26.13347,32.65
"SUGAR32","2010",17.63192,22.22815,32.65
"SUMTV01","2010",31.8646,31.48289,32.83
"SUMTV02","2010",32.27308,31.88449,32.83
"SVRP01","2010",34.63397,33.0311,40.598425
"SVRP02","2010",35.69779,33.86707,40.598425
"TELL02","2010",26.85052,27.51024,21.55
"TELL03","2010",25.32858,26.34457,21.55
"TELL04","2010",29.44075,29.24801,21.55
"TERRI02","2010",8.662724,13.5889,9.61
"TERRI03","2010",9.070626,13.73973,9.61
"VOTRU01","2010",30.75124,30.07963,30.85
"WATKI01","2010",39.24023,37.0507,40.598425
"YAHNG01","2010",27.12189,27.41212,24.47
"YAHNG02","2010",26.84714,27.10903,24.47
"YAHNG03","2010",26.4386,27.11367,24.47
"ZEN01","2010",35.24267,35.18367,35.208661
"ZEN02","2010",35.21133,35.18987,35.208661
"ANN01","2011",40.18375,37.71358,45.09
"ANN02","2011",39.45782,37.15549,45.09
"ANN03","2011",38.8918,36.22105,45.09
"ANN04","2011",38.2575,36.36811,45.09
"ANN05","2011",37.24052,35.46482,45.09
"ANN06","2011",37.48632,36.06676,33.31
"ANN07","2011",37.20776,35.76536,33.31
"ANN08","2011",36.69659,35.21233,33.31
"ANN09","2011",35.55873,34.12103,33.31
"ANN10","2011",34.07979,31.85753,33.31
"ANN11","2011",32.29159,31.66095,33.31
"ANN12","2011",32.87103,33.5986,45.09
"ANN13","2011",31.18061,32.43212,33.31
"ANN14","2011",29.30487,32.01987,15.68
"ANN15","2011",28.35039,32.17042,15.68
"ANN17","2011",25.41622,31.64945,15.68
"ANN18","2011",28.34802,31.2463,33.31
"ANN19","2011",28.89178,30.76628,33.31
"ANN20","2011",27.57571,30.51802,33.31
"ANN21","2011",25.58908,30.77035,15.68
"ANN22","2011",22.65276,29.25892,15.68
"ANN23","2011",20.97631,29.84683,15.68
"ANN24","2011",20.0906,30.36448,15.68
"ANN25","2011",19.1929,30.22334,15.68
"ANN27","2011",23.10537,31.04059,15.68
"ANN29","2011",16.69929,29.00648,15.68
"ANN30","2011",17.27587,30.01169,15.68
"ANN31","2011",19.06275,30.54599,15.68
"ANN32","2011",17.92953,29.76198,15.68
"ANN33","2011",21.21264,30.82113,15.68
"ANN34","2011",20.11476,29.68634,15.68
"ANN35","2011",23.7345,31.30808,15.68
"ANN36","2011",36.45215,34.54567,33.31
"ANN37","2011",16.67341,29.29914,15.68
"ANN38","2011",19.19783,30.57139,15.68
"APGAR01","2011",21.48108,22.63841,20.05
"ARBIT01","2011",28.95165,30.57588,39.22
"ARBIT02","2011",23.47437,28.23343,13.38
"ARBIT03","2011",24.55564,29.32689,13.38
"ARBIT04","2011",27.05658,29.92975,13.38
"ARBIT05","2011",28.85415,30.84943,13.38
"ATHEA02","2011",22.74684,29.17551,13.38
"BACKM02","2011",23.85344,32.00015,20.28
"BACKM03","2011",19.5823,30.64289,20.28
"BACKM04","2011",18.28457,29.67559,20.28
"BACKM05","2011",19.98179,30.76128,20.28
"BADGE01","2011",46.07858,38.98736,45.09
"BELTA01","2011",28.01468,27.9859,35.12
"BELTA02","2011",28.16816,28.03584,35.12
"BELTA03","2011",27.91362,27.74676,35.12
"BELTA04","2011",27.64548,27.44265,20.05
"BELTA07","2011",31.16704,30.10864,35.12
"BELTA08","2011",30.66723,29.5148,35.12
"BERGE01","2011",46.13343,34.68876,46.393701
"BOUV01","2011",22.03201,26.14441,13.38
"BOUV02","2011",19.48846,24.91502,13.38
"BOUV03","2011",18.84324,23.86578,20.05
"BOUV09","2011",23.94753,25.14014,20.05
"BOWES01","2011",28.56288,29.68966,39.22
"BOWES02","2011",30.48992,30.64622,39.22
"BOWES03","2011",28.35163,28.83872,39.22
"BUSH01","2011",34.65572,31.86452,46.393701
"COCHR01","2011",24.15925,26.94785,13.38
"COOK01","2011",15.21052,22.84911,14.52
"COOK02","2011",16.02382,23.85085,14.52
"DOMAN01","2011",45.11102,34.01432,46.393701
"ELIOT01","2011",31.05382,31.61572,39.22
"FERRA01","2011",18.83989,18.50463,20.05
"FOP04","2011",32.02384,30.23597,46.393701
"FOP324","2011",28.38626,29.42693,14.52
"FOP333","2011",26.82748,29.08545,14.52
"FOP340","2011",23.51115,27.77604,14.52
"FRIDE01","2011",38.01232,34.81445,35.12
"GANAY01","2011",24.54985,25.40454,20.05
"GANAY02","2011",23.94577,24.94208,20.05
"GARD01","2011",21.88808,23.05334,20.05
"HALLO01","2011",25.34621,25.99084,20.05
"HALOW02","2011",32.16346,31.24427,39.22
"HOOD01","2011",45.78252,38.39249,45.11
"HOOD02","2011",43.67605,37.36742,45.11
"HOOD03","2011",25.98302,32.49051,20.28
"HOOD04","2011",29.58847,33.29839,20.28
"HOOD05","2011",27.69904,32.70492,20.28
"HOOD07","2011",22.63924,30.78815,20.28
"JLSP01","2011",28.3213,31.70537,13.38
"JLSP02","2011",30.66874,32.32268,13.38
"JLSP03","2011",36.61116,33.45212,46.393701
"JLSP04","2011",29.97611,32.1256,13.38
"JLSP05","2011",25.38519,30.68353,13.38
"JLSP06","2011",28.27057,31.49467,13.38
"JLSP07","2011",26.56388,30.77677,13.38
"JLSP08","2011",28.85512,31.57294,13.38
"JLSP10","2011",31.01573,32.17233,13.38
"JLSP13","2011",38.4447,33.39838,46.393701
"JLSP14","2011",37.58779,32.99881,46.393701
"JLSP15","2011",39.90451,32.75901,46.393701
"JLSP16","2011",43.4942,33.41416,46.393701
"JLSP17","2011",42.1689,32.85757,46.393701
"JOHNS01","2011",38.61841,35.76957,45.11
"JOHNS02","2011",33.68668,34.21275,20.28
"JROTH01","2011",34.66284,30.56017,46.393701
"JROTH02","2011",37.15031,31.24586,46.393701
"JROTH03","2011",35.79189,30.97002,46.393701
"JROTH04","2011",33.12008,30.63823,46.393701
"JROTH05","2011",29.66533,29.94915,14.52
"KLASS01","2011",31.88347,31.82594,39.22
"KLASS02","2011",32.79369,32.22761,39.22
"KUNDE01","2011",31.76394,31.30215,35.12
"KUNDE02","2011",31.96999,31.289,35.12
"KUNDE03","2011",28.36112,29.61089,35.12
"KUNDE04","2011",28.20076,29.70788,35.12
"LARS01","2011",21.60768,22.96473,20.05
"LAZY04","2011",31.97626,30.77992,35.12
"LAZY05","2011",30.59885,30.1234,35.12
"LINS01","2011",24.01093,27.9799,14.52
"LUPIN01","2011",29.8574,31.05616,39.22
"MACKI01","2011",32.85548,29.32207,33.31
"MCCOR01","2011",40.54582,35.61822,45.11
"MCCOR02","2011",37.14652,34.28785,45.11
"MCCOR05","2011",37.25199,34.27949,45.11
"MCNEIL01","2011",20.12481,19.83655,20.05
"MCNEIL03","2011",20.52036,19.58673,20.05
"MESCH01","2011",31.99243,30.12814,46.393701
"MITSU01","2011",30.32859,30.72767,46.393701
"MITSU02","2011",28.79989,30.18863,14.52
"MITSU03","2011",31.9901,31.53168,46.393701
"MITSU04","2011",33.55876,31.85727,46.393701
"MOREL01","2011",18.67735,24.39291,14.52
"MOREL02","2011",20.34024,24.86369,14.52
"MROTH01","2011",25.03018,28.4963,14.52
"MROTH02","2011",22.62128,27.27823,14.52
"MROTH03","2011",23.51466,27.57568,14.52
"MUTTE01","2011",19.42551,20.65378,20.05
"MUTTE02","2011",18.79418,20.12768,20.05
"NELSO01","2011",16.61764,19.24217,13.38
"NELSO02","2011",17.85442,19.11854,13.38
"OTELL01","2011",36.28681,34.41399,35.12
"PARDI01","2011",34.17558,32.21664,39.22
"PARSO01","2011",32.84825,33.3587,35.12
"PETER01","2011",35.14351,34.15853,35.12
"PETSN01","2011",29.48251,28.97954,35.12
"PETSN02","2011",28.97511,28.67208,35.12
"PFEND01","2011",28.75097,29.96108,14.52
"PFEND02","2011",29.64259,30.71516,14.52
"PHILL01","2011",42.32951,34.62294,42.311024
"PHILL02","2011",40.05996,33.86125,42.311024
"PONTI02","2011",26.28363,26.55544,20.05
"REDDE01","2011",27.77107,27.78417,39.22
"REDDE02","2011",29.39882,28.93826,39.22
"SAWI01","2011",37.40008,33.65561,39.22
"SCHIEK01","2011",25.53759,28.507,14.52
"SCHIEK02","2011",27.25822,29.34354,14.52
"SDC01","2011",24.83326,30.61546,13.38
"SDC02","2011",21.90049,29.62973,13.38
"SDC03","2011",21.10693,29.01896,13.38
"SDC04","2011",17.93437,27.82383,13.38
"SDC05","2011",14.44204,25.6058,13.38
"SDC06","2011",14.70752,26.03094,13.38
"SECRET01","2011",20.08282,23.47344,20.05
"SECRET02","2011",19.33361,23.02339,20.05
"SECRET03","2011",20.30269,23.65081,20.05
"SKILE01","2011",41.87659,32.60177,46.393701
"SPAUL01","2011",40.99757,36.01305,45.11
"SPAUL02","2011",44.27072,37.38346,45.11
"SPIVY01","2011",38.51995,34.98359,35.12
"STATE123","2011",34.56361,33.78999,45.09
"SUGAR01","2011",22.349,27.44651,20.28
"SUGAR04","2011",24.58962,26.49136,20.28
"SUGAR05","2011",24.0267,27.11498,20.28
"SUGAR07","2011",23.86767,26.44317,20.28
"SUGAR08","2011",23.29945,27.3884,20.28
"SUGAR09","2011",24.7131,25.97987,20.28
"SUGAR11","2011",25.42175,26.10048,20.28
"SUGAR12","2011",24.52522,26.33606,20.28
"SUGAR13","2011",22.60765,28.03994,20.28
"SUGAR15","2011",25.81525,27.02103,35.12
"SUGAR16","2011",25.08786,26.29417,20.28
"SUGAR17","2011",25.53437,27.88059,35.12
"SUGAR18","2011",23.92591,27.68209,20.28
"SUGAR19","2011",24.75647,26.79748,20.28
"SUGAR21","2011",23.24491,26.8811,20.28
"SUGAR23","2011",19.98483,28.67854,20.28
"SUGAR24","2011",20.56445,28.06343,20.28
"SUGAR30","2011",22.14758,27.6011,20.28
"SUGAR31","2011",25.89881,26.92882,35.12
"SUGAR32","2011",19.35498,28.78763,20.28
"SUMTV01","2011",19.10211,23.07346,14.52
"SUMTV02","2011",19.7178,24.00878,14.52
"SVRP01","2011",19.79763,27.40071,13.38
"SVRP02","2011",19.51006,28.33522,13.38
"TELL02","2011",16.18222,21.61286,20.05
"TELL03","2011",15.98104,20.52101,20.05
"TELL04","2011",14.3465,22.49753,13.38
"TERRI02","2011",46.55561,39.50831,45.09
"TERRI03","2011",45.85985,38.80353,45.09
"VOTRU01","2011",23.79295,23.43194,33.31
"WATKI01","2011",45.02675,35.99535,42.311024
"YAHNG01","2011",29.07502,25.82085,33.31
"YAHNG02","2011",30.27776,26.79893,33.31
"YAHNG03","2011",29.12689,26.04197,33.31
"ZEN01","2011",43.241,33.67802,46.393701
"ZEN02","2011",43.60157,33.62356,46.393701
"ANN01","2012",19.68728,21.32721,24.05
"ANN02","2012",19.5129,21.18509,24.05
"ANN03","2012",20.57703,21.6875,24.05
"ANN04","2012",18.97303,20.82403,24.05
"ANN05","2012",20.0328,21.32203,24.05
"ANN06","2012",17.46199,19.88596,15.52
"ANN07","2012",16.91574,19.47736,15.52
"ANN08","2012",17.48093,19.7253,15.52
"ANN09","2012",17.36795,19.43905,15.52
"ANN10","2012",16.65732,18.59737,15.52
"ANN11","2012",17.44722,19.04454,15.52
"ANN12","2012",20.46794,21.38428,24.05
"ANN13","2012",18.86641,20.17673,15.52
"ANN14","2012",19.47731,20.55664,15.52
"ANN15","2012",20.35956,21.19887,24.05
"ANN17","2012",21.88827,21.98785,24.05
"ANN18","2012",18.88547,20.07453,15.52
"ANN19","2012",18.24381,19.57509,15.52
"ANN20","2012",18.5407,19.77953,15.52
"ANN21","2012",19.50913,20.48212,15.52
"ANN22","2012",19.42507,20.29377,15.52
"ANN23","2012",20.35279,20.93408,15.52
"ANN24","2012",21.57091,21.69957,24.05
"ANN25","2012",21.91744,21.87463,24.05
"ANN27","2012",23.95885,22.92268,24.05
"ANN29","2012",22.35006,22.06527,15.52
"ANN30","2012",23.35935,22.63458,24.05
"ANN31","2012",24.1137,23.00555,24.05
"ANN32","2012",23.53773,22.77577,15.52
"ANN33","2012",24.80533,23.44467,27.503937
"ANN34","2012",23.80286,22.99919,27.503937
"ANN35","2012",25.22812,23.78946,27.503937
"ANN36","2012",16.54611,18.99658,15.52
"ANN37","2012",22.01427,21.87017,15.52
"ANN38","2012",23.92528,22.89491,24.05
"APGAR01","2012",25.50596,23.38206,28.114173
"ARBIT01","2012",23.20557,22.68345,19.69
"ARBIT02","2012",23.98948,23.22591,19.69
"ARBIT03","2012",24.40271,23.47522,19.69
"ARBIT04","2012",23.63182,22.956,19.69
"ARBIT05","2012",24.08408,23.1591,19.69
"ATHEA02","2012",25.15358,24.02558,28.114173
"BACKM02","2012",27.10341,23.14121,24.05
"BACKM03","2012",27.11326,23.12895,24.05
"BACKM04","2012",27.13464,23.16534,24.05
"BACKM05","2012",27.13845,23.16329,24.05
"BADGE01","2012",24.75956,23.43029,24.05
"BELTA01","2012",27.16038,23.80616,28.114173
"BELTA02","2012",27.15449,23.85892,28.114173
"BELTA03","2012",27.07146,23.84356,28.114173
"BELTA04","2012",26.98974,23.86359,28.114173
"BELTA07","2012",27.58523,24.3477,28.114173
"BELTA08","2012",27.47827,24.62883,28.114173
"BERGE01","2012",27.28849,26.14815,27.503937
"BOUV01","2012",26.98755,25.19572,28.114173
"BOUV02","2012",26.73583,24.90679,28.114173
"BOUV03","2012",26.56532,24.67456,28.114173
"BOUV09","2012",26.78636,24.41491,28.114173
"BOWES01","2012",22.57146,22.3529,19.69
"BOWES02","2012",22.27231,22.14684,19.69
"BOWES03","2012",22.13172,22.17773,19.69
"BUSH01","2012",25.8739,24.17885,27.503937
"COCHR01","2012",27.14009,25.32193,28.114173
"COOK01","2012",24.39322,22.78359,27.503937
"COOK02","2012",24.56527,22.93201,27.503937
"DOMAN01","2012",27.16388,25.80532,27.503937
"ELIOT01","2012",23.20435,22.63343,19.69
"FERRA01","2012",24.60982,23.32006,28.114173
"FOP04","2012",25.93234,24.1424,27.503937
"FOP324","2012",25.57479,23.87011,27.503937
"FOP333","2012",25.32384,23.6512,27.503937
"FOP340","2012",24.97714,23.38844,27.503937
"FRIDE01","2012",27.27341,25.58037,28.114173
"GANAY01","2012",26.59568,23.93781,28.114173
"GANAY02","2012",26.48645,23.88218,28.114173
"GARD01","2012",25.54802,23.36629,28.114173
"HALLO01","2012",26.74216,24.03108,28.114173
"HALOW02","2012",21.74776,21.79599,19.69
"HOOD01","2012",26.50697,23.19071,24.05
"HOOD02","2012",26.54876,23.2411,24.05
"HOOD03","2012",27.10589,23.18047,24.05
"HOOD04","2012",27.02364,23.2278,24.05
"HOOD05","2012",27.05368,23.24939,24.05
"HOOD07","2012",27.24999,23.40914,24.05
"JLSP01","2012",26.8303,25.53104,28.114173
"JLSP02","2012",27.0707,25.80235,28.114173
"JLSP03","2012",26.7962,25.42915,27.503937
"JLSP04","2012",26.49426,25.19605,27.503937
"JLSP05","2012",26.04523,24.76139,27.503937
"JLSP06","2012",25.93164,24.62354,27.503937
"JLSP07","2012",25.38478,24.17042,27.503937
"JLSP08","2012",25.65266,24.37293,27.503937
"JLSP10","2012",25.98835,24.63245,27.503937
"JLSP13","2012",26.66896,25.22197,27.503937
"JLSP14","2012",26.50583,24.9599,27.503937
"JLSP15","2012",26.68612,24.98312,27.503937
"JLSP16","2012",27.13903,25.4432,27.503937
"JLSP17","2012",26.84666,25.203,27.503937
"JOHNS01","2012",26.46035,23.44016,24.05
"JOHNS02","2012",26.81423,23.33742,24.05
"JROTH01","2012",26.13606,24.40468,27.503937
"JROTH02","2012",26.33622,24.67119,27.503937
"JROTH03","2012",26.24359,24.35208,27.503937
"JROTH04","2012",25.97691,24.14983,27.503937
"JROTH05","2012",25.5856,23.85312,27.503937
"KLASS01","2012",22.60504,22.27246,19.69
"KLASS02","2012",22.29216,22.06511,19.69
"KUNDE01","2012",27.68442,24.28676,28.114173
"KUNDE02","2012",27.70822,24.31664,28.114173
"KUNDE03","2012",27.56158,23.86251,28.114173
"KUNDE04","2012",27.56671,23.86585,28.114173
"LARS01","2012",25.59107,23.40588,28.114173
"LAZY04","2012",27.69741,24.39353,28.114173
"LAZY05","2012",27.61752,24.16354,28.114173
"LINS01","2012",25.22504,23.54174,27.503937
"LUPIN01","2012",23.2513,22.68803,19.69
"MACKI01","2012",16.61155,17.95273,15.52
"MCCOR01","2012",26.54816,22.94408,24.05
"MCCOR02","2012",26.61657,22.94245,24.05
"MCCOR05","2012",26.55992,22.92207,24.05
"MCNEIL01","2012",24.89781,23.29854,28.114173
"MCNEIL03","2012",24.64111,23.20756,28.114173
"MESCH01","2012",25.18135,24.16009,27.503937
"MITSU01","2012",24.8336,23.4144,27.503937
"MITSU02","2012",24.32403,23.09156,27.503937
"MITSU03","2012",24.99703,23.60521,27.503937
"MITSU04","2012",25.61228,24.03065,27.503937
"MOREL01","2012",24.15939,22.77274,27.503937
"MOREL02","2012",23.90573,22.68919,27.503937
"MROTH01","2012",24.88663,23.34933,27.503937
"MROTH02","2012",24.55643,23.1071,27.503937
"MROTH03","2012",24.30555,22.98939,27.503937
"MUTTE01","2012",25.24374,23.44855,28.114173
"MUTTE02","2012",25.37267,23.56724,28.114173
"NELSO01","2012",24.54049,23.42618,28.114173
"NELSO02","2012",24.27889,23.28792,28.114173
"OTELL01","2012",27.35913,25.27175,28.114173
"PARDI01","2012",21.36648,21.53557,19.69
"PARSO01","2012",27.10238,24.71164,28.114173
"PETER01","2012",27.00404,25.20537,28.114173
"PETSN01","2012",27.37242,24.13068,28.114173
"PETSN02","2012",27.31645,24.00804,28.114173
"PFEND01","2012",22.81299,22.40233,19.69
"PFEND02","2012",23.33879,22.65326,19.69
"PHILL01","2012",28.09585,26.72065,28.114173
"PHILL02","2012",27.99578,26.69957,28.114173
"PONTI02","2012",26.85859,24.06648,28.114173
"REDDE01","2012",21.95354,22.14269,19.69
"REDDE02","2012",21.66313,21.9431,19.69
"SAWI01","2012",20.40946,21.00579,19.69
"SCHIEK01","2012",24.05471,22.9135,27.503937
"SCHIEK02","2012",23.73491,22.80302,27.503937
"SDC01","2012",26.37446,25.07633,28.114173
"SDC02","2012",26.51295,25.19138,28.114173
"SDC03","2012",25.72528,24.47439,28.114173
"SDC04","2012",25.88521,24.59705,28.114173
"SDC05","2012",25.59983,24.32766,28.114173
"SDC06","2012",26.22985,24.82582,28.114173
"SECRET01","2012",26.19665,23.95184,28.114173
"SECRET02","2012",26.17693,24.02886,28.114173
"SECRET03","2012",26.40632,24.21338,28.114173
"SKILE01","2012",26.77144,25.16068,27.503937
"SPAUL01","2012",26.7136,23.05851,24.05
"SPAUL02","2012",26.6281,23.08667,24.05
"SPIVY01","2012",27.48412,25.63001,28.114173
"STATE123","2012",26.03333,23.58207,24.05
"SUGAR01","2012",26.84797,23.13215,24.05
"SUGAR04","2012",26.5579,23.0901,28.114173
"SUGAR05","2012",27.16989,23.41523,28.114173
"SUGAR07","2012",26.85257,23.22641,28.114173
"SUGAR08","2012",27.25326,23.43446,28.114173
"SUGAR09","2012",26.80798,23.26484,28.114173
"SUGAR11","2012",26.72728,23.27435,28.114173
"SUGAR12","2012",26.89682,23.29501,28.114173
"SUGAR13","2012",27.38348,23.51028,24.05
"SUGAR15","2012",27.04984,23.46103,28.114173
"SUGAR16","2012",26.92366,23.3539,28.114173
"SUGAR17","2012",27.3221,23.57261,28.114173
"SUGAR18","2012",27.34129,23.52028,28.114173
"SUGAR19","2012",27.10831,23.42803,28.114173
"SUGAR21","2012",26.78809,23.14586,24.05
"SUGAR23","2012",26.89259,23.06363,24.05
"SUGAR24","2012",26.91092,23.10517,24.05
"SUGAR30","2012",26.93924,23.17429,24.05
"SUGAR31","2012",26.94423,23.41193,28.114173
"SUGAR32","2012",26.95733,23.09205,24.05
"SUMTV01","2012",23.77552,22.50695,27.503937
"SUMTV02","2012",24.12811,22.78161,27.503937
"SVRP01","2012",26.92323,25.40986,28.114173
"SVRP02","2012",26.76001,25.36784,28.114173
"TELL02","2012",26.0315,24.24194,28.114173
"TELL03","2012",25.58333,23.88824,28.114173
"TELL04","2012",26.08663,24.44805,28.114173
"TERRI02","2012",25.12979,23.44049,24.05
"TERRI03","2012",24.87091,23.44168,24.05
"VOTRU01","2012",21.14538,20.91511,19.74
"WATKI01","2012",28.05475,26.74407,28.114173
"YAHNG01","2012",18.41822,19.32877,19.74
"YAHNG02","2012",17.86322,19.08673,19.74
"YAHNG03","2012",18.49881,19.50452,19.74
"ZEN01","2012",26.84535,25.7053,27.503937
"ZEN02","2012",26.87114,25.70174,27.503937
"ANN01","2014",12.31478,14.34896,7.53
"ANN02","2014",12.14568,14.19482,7.53
"ANN03","2014",13.72709,14.96425,7.53
"ANN04","2014",11.50674,13.87796,7.53
"ANN05","2014",13.07972,14.59087,7.53
"ANN06","2014",9.504682,12.41282,7.53
"ANN07","2014",8.77447,11.62097,7.53
"ANN08","2014",9.604297,12.27783,7.53
"ANN09","2014",9.540538,12.01328,7.53
"ANN10","2014",8.573264,11.47119,7.53
"ANN11","2014",9.858938,11.89877,7.53
"ANN12","2014",13.99839,14.91591,7.53
"ANN13","2014",11.89426,13.21327,7.53
"ANN14","2014",12.85256,13.88851,7.53
"ANN15","2014",14.13361,15.16185,7.53
"ANN17","2014",16.50417,16.33457,7.53
"ANN18","2014",12.10812,13.52504,7.53
"ANN19","2014",11.1885,13.08047,7.53
"ANN20","2014",11.68609,13.48181,7.53
"ANN21","2014",13.14623,14.34784,7.53
"ANN22","2014",13.27454,14.55513,7.53
"ANN23","2014",14.65533,15.19369,7.53
"ANN24","2014",16.42171,16.21736,7.53
"ANN25","2014",17.00286,16.50421,7.53
"ANN27","2014",19.85021,18.43481,7.53
"ANN29","2014",18.1975,17.08591,7.53
"ANN30","2014",19.56106,18.00586,7.53
"ANN31","2014",20.5967,18.68978,7.53
"ANN32","2014",20.05889,18.29068,7.53
"ANN33","2014",21.7725,19.57889,25.299213
"ANN34","2014",20.64384,18.71157,25.299213
"ANN35","2014",22.50629,20.16297,25.299213
"ANN36","2014",8.30815,11.09667,7.53
"ANN37","2014",17.49778,16.6802,7.53
"ANN38","2014",20.1935,18.47283,7.53
"APGAR01","2014",13.15853,17.13468,12.33
"ARBIT01","2014",14.39985,16.87837,12.33
"ARBIT02","2014",13.08897,15.55969,12.33
"ARBIT03","2014",14.2572,16.16611,12.33
"ARBIT04","2014",14.12514,16.43559,12.33
"ARBIT05","2014",15.86375,17.45399,12.33
"ATHEA02","2014",14.69079,16.1036,12.33
"BACKM02","2014",26.3189,21.51447,26.94
"BACKM03","2014",26.68755,21.73155,26.94
"BACKM04","2014",26.7436,22.25993,26.94
"BACKM05","2014",26.62416,22.19518,26.94
"BADGE01","2014",19.64774,19.44507,26.94
"BELTA01","2014",21.99549,20.29368,21.192913
"BELTA02","2014",21.55574,20.10066,21.192913
"BELTA03","2014",21.01955,19.87841,21.192913
"BELTA04","2014",20.22956,19.55656,21.192913
"BELTA07","2014",22.22648,20.43316,21.192913
"BELTA08","2014",20.28611,19.77695,21.192913
"BERGE01","2014",24.30561,22.47036,25.299213
"BOUV01","2014",14.62908,16.04287,12.33
"BOUV02","2014",13.71116,15.60178,12.33
"BOUV03","2014",13.22822,15.44298,12.33
"BOUV09","2014",15.36981,17.2218,21.192913
"BOWES01","2014",12.88977,16.14303,12.33
"BOWES02","2014",13.39596,16.51021,12.33
"BOWES03","2014",11.89631,15.77739,12.33
"BUSH01","2014",21.14929,19.05773,25.299213
"COCHR01","2014",15.28782,16.51564,12.33
"COOK01","2014",19.75781,18.86121,25.299213
"COOK02","2014",20.29076,19.11794,25.299213
"DOMAN01","2014",24.0768,21.61022,25.299213
"ELIOT01","2014",15.99399,17.50411,12.33
"FERRA01","2014",9.90259,14.84095,12.33
"FOP04","2014",23.08059,19.80424,25.299213
"FOP324","2014",22.49186,19.84377,25.299213
"FOP333","2014",22.04535,19.5855,25.299213
"FOP340","2014",21.48314,19.58242,25.299213
"FRIDE01","2014",24.60808,22.40829,21.192913
"GANAY01","2014",16.22381,17.9438,21.192913
"GANAY02","2014",15.78655,17.7871,21.192913
"GARD01","2014",13.53357,17.29248,12.33
"HALLO01","2014",16.75542,18.12939,21.192913
"HALOW02","2014",13.27321,16.4439,12.33
"HOOD01","2014",23.78278,22.08927,26.94
"HOOD02","2014",23.80683,21.66082,26.94
"HOOD03","2014",25.91714,20.9778,26.94
"HOOD04","2014",25.52311,21.5096,26.94
"HOOD05","2014",25.44386,20.8541,26.94
"HOOD07","2014",26.00657,22.92488,26.94
"JLSP01","2014",17.77287,17.97639,12.33
"JLSP02","2014",18.44808,18.46998,12.33
"JLSP03","2014",20.62339,19.84797,25.299213
"JLSP04","2014",18.24417,18.36576,12.33
"JLSP05","2014",16.53021,17.17851,12.33
"JLSP06","2014",17.41903,17.85724,12.33
"JLSP07","2014",16.33897,17.25024,12.33
"JLSP08","2014",17.46794,17.92722,12.33
"JLSP10","2014",18.51982,18.5271,12.33
"JLSP13","2014",21.71433,20.28714,25.299213
"JLSP14","2014",21.58937,19.91831,25.299213
"JLSP15","2014",22.74743,20.03062,25.299213
"JLSP16","2014",23.24146,20.27875,25.299213
"JLSP17","2014",23.72811,20.58595,25.299213
"JOHNS01","2014",23.47945,21.5755,26.94
"JOHNS02","2014",24.58386,21.48066,26.94
"JROTH01","2014",23.61092,20.13373,25.299213
"JROTH02","2014",23.81541,20.47837,25.299213
"JROTH03","2014",23.44776,19.63038,25.299213
"JROTH04","2014",22.95137,19.60225,25.299213
"JROTH05","2014",22.37658,19.55291,25.299213
"KLASS01","2014",15.29068,17.26252,12.33
"KLASS02","2014",15.37082,17.31158,12.33
"KUNDE01","2014",24.62861,21.97948,21.192913
"KUNDE02","2014",24.47529,21.83072,21.192913
"KUNDE03","2014",24.85633,21.68356,26.94
"KUNDE04","2014",25.06471,22.01058,26.94
"LARS01","2014",13.39402,17.22762,12.33
"LAZY04","2014",23.25309,21.02347,21.192913
"LAZY05","2014",23.62513,21.15622,21.192913
"LINS01","2014",21.94133,19.65039,25.299213
"LUPIN01","2014",15.08483,17.15204,12.33
"MACKI01","2014",8.187615,10.07683,7.53
"MCCOR01","2014",25.22581,22.63803,26.94
"MCCOR02","2014",25.60529,22.21366,26.94
"MCCOR05","2014",25.55024,22.23562,26.94
"MCNEIL01","2014",11.01176,15.99796,12.33
"MCNEIL03","2014",10.72935,15.92859,12.33
"MESCH01","2014",22.91034,20.71381,25.299213
"MITSU01","2014",20.6582,18.83236,25.299213
"MITSU02","2014",20.18251,18.60923,25.299213
"MITSU03","2014",19.99231,18.72997,25.299213
"MITSU04","2014",20.45862,18.89737,25.299213
"MOREL01","2014",19.74793,18.90542,25.299213
"MOREL02","2014",19.44285,18.76306,25.299213
"MROTH01","2014",21.3193,19.3565,25.299213
"MROTH02","2014",20.76431,19.21994,25.299213
"MROTH03","2014",20.39269,19.02797,25.299213
"MUTTE01","2014",11.31586,16.13483,12.33
"MUTTE02","2014",11.24788,15.71129,12.33
"NELSO01","2014",9.498468,13.91364,12.33
"NELSO02","2014",9.358181,14.16798,12.33
"OTELL01","2014",24.51711,22.09668,21.192913
"PARDI01","2014",13.69433,16.73525,12.33
"PARSO01","2014",24.38068,21.74217,21.192913
"PETER01","2014",24.46167,22.15518,21.192913
"PETSN01","2014",21.70539,20.29635,21.192913
"PETSN02","2014",21.94965,20.36762,21.192913
"PFEND01","2014",18.40039,18.39747,25.299213
"PFEND02","2014",18.81377,18.48077,25.299213
"PHILL01","2014",21.38719,20.67618,21.192913
"PHILL02","2014",20.36349,19.94586,21.192913
"PONTI02","2014",17.54398,18.43349,21.192913
"REDDE01","2014",11.2555,15.35105,12.33
"REDDE02","2014",11.61685,15.66963,12.33
"SAWI01","2014",13.62502,16.89328,12.33
"SCHIEK01","2014",20.05054,18.87844,25.299213
"SCHIEK02","2014",19.57418,18.75378,25.299213
"SDC01","2014",16.59097,17.13192,12.33
"SDC02","2014",15.81534,16.49516,12.33
"SDC03","2014",14.90145,16.06731,12.33
"SDC04","2014",14.14207,15.40902,12.33
"SDC05","2014",12.61797,14.4047,12.33
"SDC06","2014",13.34863,14.71634,12.33
"SECRET01","2014",13.11704,16.73912,12.33
"SECRET02","2014",12.75602,16.36614,12.33
"SECRET03","2014",13.39714,16.4558,12.33
"SKILE01","2014",24.01563,20.75985,25.299213
"SPAUL01","2014",25.15548,22.79682,26.94
"SPAUL02","2014",24.61053,22.69999,26.94
"SPIVY01","2014",24.55901,22.34375,21.192913
"STATE123","2014",22.67608,21.30988,26.94
"SUGAR01","2014",25.72803,21.10831,26.94
"SUGAR04","2014",24.56735,20.80876,26.94
"SUGAR05","2014",25.24694,22.04189,26.94
"SUGAR07","2014",24.9894,21.48796,26.94
"SUGAR08","2014",25.63588,22.47314,26.94
"SUGAR09","2014",24.40722,21.50333,26.94
"SUGAR11","2014",23.67807,20.94668,26.94
"SUGAR12","2014",24.61933,21.51132,26.94
"SUGAR13","2014",26.03917,23.54085,26.94
"SUGAR15","2014",23.99774,21.1673,26.94
"SUGAR16","2014",24.2661,21.49849,26.94
"SUGAR17","2014",24.9745,21.8836,26.94
"SUGAR18","2014",25.61442,22.76996,26.94
"SUGAR19","2014",24.80458,21.90959,26.94
"SUGAR21","2014",25.33934,21.21782,26.94
"SUGAR23","2014",26.58293,21.67849,26.94
"SUGAR24","2014",26.30979,21.38618,26.94
"SUGAR30","2014",25.77329,21.1183,26.94
"SUGAR31","2014",23.62812,20.7963,26.94
"SUGAR32","2014",26.70063,22.45147,26.94
"SUMTV01","2014",18.901,18.21768,25.299213
"SUMTV02","2014",19.79543,18.71423,25.299213
"SVRP01","2014",14.72649,15.79101,12.33
"SVRP02","2014",15.06725,15.90961,12.33
"TELL02","2014",11.73617,14.66943,12.33
"TELL03","2014",10.83967,14.71021,12.33
"TELL04","2014",11.83916,14.21707,12.33
"TERRI02","2014",20.25796,19.89318,26.94
"TERRI03","2014",19.86363,19.57066,26.94
"VOTRU01","2014",14.81985,15.09024,7.53
"WATKI01","2014",23.41564,22.13285,21.192913
"YAHNG01","2014",9.084211,12.41396,7.53
"YAHNG02","2014",8.293447,12.01224,7.53
"YAHNG03","2014",8.896121,12.78125,7.53
"ZEN01","2014",24.67713,22.51221,25.299213
"ZEN02","2014",24.65127,22.4024,25.299213
