"","PlotID","year","UnderstorySp","ptct","totpts","pcov"
"1","ann01",2003,"lohi",5,60,0.0833333333333333
"2","ann01",2003,"todi",12,60,0.2
"3","ann01",2003,"umca",4,60,0.0666666666666667
"4","ann02",2003,"lohi",23,60,0.383333333333333
"5","ann02",2003,"miau",1,60,0.0166666666666667
"6","ann02",2003,"psme",4,60,0.0666666666666667
"7","ann02",2003,"todi",2,60,0.0333333333333333
"8","ann02",2003,"umca",4,60,0.0666666666666667
"9","ann03",2004,"rogy",4,55,0.0727272727272727
"10","ann03",2004,"symo",13,55,0.236363636363636
"11","ann03",2004,"todi",2,55,0.0363636363636364
"12","ann03",2004,"umca",23,55,0.418181818181818
"13","ann04",2003,"lohi",31,65,0.476923076923077
"14","ann04",2003,"risa",1,65,0.0153846153846154
"15","ann04",2003,"todi",27,65,0.415384615384615
"16","ann04",2003,"umca",2,65,0.0307692307692308
"17","ann05",2003,"arme",1,60,0.0166666666666667
"18","ann05",2003,"lohi",26,60,0.433333333333333
"19","ann05",2003,"psme",1,60,0.0166666666666667
"20","ann05",2003,"todi",13,60,0.216666666666667
"21","ann05",2003,"umca",4,60,0.0666666666666667
"22","ann06",2004,"lohi",3,60,0.05
"23","ann07",2004,"hear",1,55,0.0181818181818182
"24","ann07",2004,"lohi",9,55,0.163636363636364
"25","ann07",2004,"todi",4,55,0.0727272727272727
"26","ann07",2004,"umca",3,55,0.0545454545454545
"27","ann08",2005,"lohi",1,60,0.0166666666666667
"28","ann08",2005,"umca",1,60,0.0166666666666667
"29","ann09",2004,"lohi",29,60,0.483333333333333
"30","ann09",2004,"psme",2,60,0.0333333333333333
"31","ann09",2004,"quag",2,60,0.0333333333333333
"32","ann09",2004,"quga",1,60,0.0166666666666667
"33","ann09",2004,"quke",3,60,0.05
"34","ann09",2004,"todi",9,60,0.15
"35","ann09",2004,"umca",2,60,0.0333333333333333
"36","ann10",2004,"arme",4,65,0.0615384615384615
"37","ann10",2004,"bapi",6,65,0.0923076923076923
"38","ann10",2004,"hear",5,65,0.0769230769230769
"39","ann10",2004,"lohi",40,65,0.615384615384615
"40","ann10",2004,"psme",2,65,0.0307692307692308
"41","ann10",2004,"quag",20,65,0.307692307692308
"42","ann10",2004,"quga",2,65,0.0307692307692308
"43","ann10",2004,"rhca",10,65,0.153846153846154
"44","ann10",2004,"rogy",30,65,0.461538461538462
"45","ann10",2004,"todi",28,65,0.430769230769231
"46","ann10",2004,"umca",22,65,0.338461538461538
"47","ann11",2004,"lohi",13,60,0.216666666666667
"48","ann11",2004,"quag",1,60,0.0166666666666667
"49","ann11",2004,"quga",3,60,0.05
"50","ann11",2004,"rhca",3,60,0.05
"51","ann11",2004,"rogy",21,60,0.35
"52","ann11",2004,"symo",29,60,0.483333333333333
"53","ann11",2004,"todi",19,60,0.316666666666667
"54","ann11",2004,"umca",18,60,0.3
"55","ann12",2003,"lohi",12,60,0.2
"56","ann12",2003,"rica",3,60,0.05
"57","ann12",2003,"todi",2,60,0.0333333333333333
"58","ann12",2003,"umca",2,60,0.0333333333333333
"59","ann13",2003,"lohi",3,60,0.05
"60","ann13",2003,"todi",1,60,0.0166666666666667
"61","ann13",2003,"umca",2,60,0.0333333333333333
"62","ann14",2003,"lohi",9,60,0.15
"63","ann14",2003,"psme",6,60,0.1
"64","ann14",2003,"quga",1,60,0.0166666666666667
"65","ann14",2003,"todi",9,60,0.15
"66","ann14",2003,"umca",8,60,0.133333333333333
"67","ann14",2003,"unknown sp. 1",2,60,0.0333333333333333
"68","ann15",2003,"arme",1,60,0.0166666666666667
"69","ann15",2003,"lohi",21,60,0.35
"70","ann15",2003,"miau",1,60,0.0166666666666667
"71","ann15",2003,"psme",16,60,0.266666666666667
"72","ann15",2003,"quag",19,60,0.316666666666667
"73","ann15",2003,"todi",4,60,0.0666666666666667
"74","ann15",2003,"umca",6,60,0.1
"75","ann17",2004,"lohi",52,60,0.866666666666667
"76","ann17",2004,"psme",2,60,0.0333333333333333
"77","ann17",2004,"umca",20,60,0.333333333333333
"78","ann18",2004,"lohi",32,60,0.533333333333333
"79","ann18",2004,"psme",2,60,0.0333333333333333
"80","ann18",2004,"rogy",11,60,0.183333333333333
"81","ann18",2004,"symo",28,60,0.466666666666667
"82","ann18",2004,"todi",30,60,0.5
"83","ann18",2004,"umca",5,60,0.0833333333333333
"84","ann19",2004,"lohi",7,60,0.116666666666667
"85","ann19",2004,"psme",2,60,0.0333333333333333
"86","ann19",2004,"quga",18,60,0.3
"87","ann19",2004,"quke",2,60,0.0333333333333333
"88","ann19",2004,"todi",49,60,0.816666666666667
"89","ann19",2004,"umca",29,60,0.483333333333333
"90","ann20",2004,"lohi",15,70,0.214285714285714
"91","ann20",2004,"psme",1,70,0.0142857142857143
"92","ann20",2004,"quke",1,70,0.0142857142857143
"93","ann20",2004,"todi",39,70,0.557142857142857
"94","ann20",2004,"umca",26,70,0.371428571428571
"95","ann21",2004,"lohi",31,65,0.476923076923077
"96","ann21",2004,"symo",4,65,0.0615384615384615
"97","ann21",2004,"todi",23,65,0.353846153846154
"98","ann21",2004,"umca",1,65,0.0153846153846154
"99","ann22",2004,"arme",2,75,0.0266666666666667
"100","ann22",2004,"coco",1,75,0.0133333333333333
"101","ann22",2004,"hear",1,75,0.0133333333333333
"102","ann22",2004,"lohi",2,75,0.0266666666666667
"103","ann22",2004,"pisa",1,75,0.0133333333333333
"104","ann22",2004,"psme",28,75,0.373333333333333
"105","ann22",2004,"quke",1,75,0.0133333333333333
"106","ann22",2004,"rogy",3,75,0.04
"107","ann22",2004,"sado",1,75,0.0133333333333333
"108","ann22",2004,"symo",6,75,0.08
"109","ann22",2004,"todi",45,75,0.6
"110","ann22",2004,"umca",43,75,0.573333333333333
"111","ann23",2004,"lohi",18,60,0.3
"112","ann23",2004,"psme",4,60,0.0666666666666667
"113","ann23",2004,"quag",4,60,0.0666666666666667
"114","ann23",2004,"quga",1,60,0.0166666666666667
"115","ann23",2004,"todi",36,60,0.6
"116","ann23",2004,"umca",4,60,0.0666666666666667
"117","ann24",2004,"lohi",42,60,0.7
"118","ann24",2004,"psme",3,60,0.05
"119","ann24",2004,"rogy",11,60,0.183333333333333
"120","ann24",2004,"symo",34,60,0.566666666666667
"121","ann24",2004,"todi",14,60,0.233333333333333
"122","ann24",2004,"umca",9,60,0.15
"123","ann25",2004,"bapi",2,45,0.0444444444444444
"124","ann25",2004,"lohi",30,45,0.666666666666667
"125","ann25",2004,"psme",5,45,0.111111111111111
"126","ann25",2004,"quercus sp.",1,45,0.0222222222222222
"127","ann25",2004,"quga",1,45,0.0222222222222222
"128","ann25",2004,"todi",8,45,0.177777777777778
"129","ann25",2004,"umca",3,45,0.0666666666666667
"130","ann27",2004,"bapi",1,60,0.0166666666666667
"131","ann27",2004,"lohi",24,60,0.4
"132","ann27",2004,"mane",2,60,0.0333333333333333
"133","ann27",2004,"psme",2,60,0.0333333333333333
"134","ann27",2004,"quag",1,60,0.0166666666666667
"135","ann27",2004,"rogy",14,60,0.233333333333333
"136","ann27",2004,"symo",30,60,0.5
"137","ann27",2004,"todi",2,60,0.0333333333333333
"138","ann27",2004,"umca",2,60,0.0333333333333333
"139","ann29",2004,"bapi",1,70,0.0142857142857143
"140","ann29",2004,"lohi",42,70,0.6
"141","ann29",2004,"psme",16,70,0.228571428571429
"142","ann29",2004,"quag",2,70,0.0285714285714286
"143","ann29",2004,"quga",1,70,0.0142857142857143
"144","ann29",2004,"symo",5,70,0.0714285714285714
"145","ann29",2004,"todi",66,70,0.942857142857143
"146","ann29",2004,"umca",31,70,0.442857142857143
"147","ann30",2003,"arme",1,60,0.0166666666666667
"148","ann30",2003,"lohi",7,60,0.116666666666667
"149","ann30",2003,"psme",1,60,0.0166666666666667
"150","ann30",2003,"quag",1,60,0.0166666666666667
"151","ann30",2003,"umca",8,60,0.133333333333333
"152","ann31",2003,"hear",4,60,0.0666666666666667
"153","ann31",2003,"lohi",7,60,0.116666666666667
"154","ann31",2003,"quag",5,60,0.0833333333333333
"155","ann31",2003,"todi",1,60,0.0166666666666667
"156","ann31",2003,"umca",2,60,0.0333333333333333
"157","ann32",2004,"hear",2,60,0.0333333333333333
"158","ann32",2004,"lohi",35,60,0.583333333333333
"159","ann32",2004,"psme",2,60,0.0333333333333333
"160","ann32",2004,"quga",1,60,0.0166666666666667
"161","ann32",2004,"rogy",7,60,0.116666666666667
"162","ann32",2004,"symo",24,60,0.4
"163","ann32",2004,"todi",18,60,0.3
"164","ann32",2004,"umca",8,60,0.133333333333333
"165","ann33",2005,"hear",8,60,0.133333333333333
"166","ann33",2005,"lohi",48,60,0.8
"167","ann33",2005,"poca",24,60,0.4
"168","ann33",2005,"psme",23,60,0.383333333333333
"169","ann33",2005,"quag",28,60,0.466666666666667
"170","ann33",2005,"rogy",5,60,0.0833333333333333
"171","ann33",2005,"symo",30,60,0.5
"172","ann33",2005,"todi",14,60,0.233333333333333
"173","ann33",2005,"umca",13,60,0.216666666666667
"174","ann33",2005,"unknown sp. 1",1,60,0.0166666666666667
"175","ann33",2005,"vaccinium sp.",5,60,0.0833333333333333
"176","ann33",2005,"whmo",2,60,0.0333333333333333
"177","ann34",2004,"lohi",10,60,0.166666666666667
"178","ann34",2004,"psme",1,60,0.0166666666666667
"179","ann34",2004,"todi",11,60,0.183333333333333
"180","ann34",2004,"umca",9,60,0.15
"181","ann35",2003,"lohi",7,60,0.116666666666667
"182","ann35",2003,"psme",3,60,0.05
"183","ann35",2003,"todi",3,60,0.05
"184","ann35",2003,"umca",17,60,0.283333333333333
"185","ann36",2004,"bapi",1,60,0.0166666666666667
"186","ann36",2004,"hear",14,60,0.233333333333333
"187","ann36",2004,"lohi",26,60,0.433333333333333
"188","ann36",2004,"miau",7,60,0.116666666666667
"189","ann36",2004,"quag",1,60,0.0166666666666667
"190","ann36",2004,"rogy",10,60,0.166666666666667
"191","ann36",2004,"symo",1,60,0.0166666666666667
"192","ann36",2004,"todi",20,60,0.333333333333333
"193","ann36",2004,"umca",33,60,0.55
"194","ann37",2004,"lohi",19,65,0.292307692307692
"195","ann37",2004,"psme",4,65,0.0615384615384615
"196","ann37",2004,"quga",5,65,0.0769230769230769
"197","ann37",2004,"quke",1,65,0.0153846153846154
"198","ann37",2004,"todi",5,65,0.0769230769230769
"199","ann37",2004,"umca",5,65,0.0769230769230769
"200","ann38",2004,"bapi",1,60,0.0166666666666667
"201","ann38",2004,"hear",1,60,0.0166666666666667
"202","ann38",2004,"lohi",29,60,0.483333333333333
"203","ann38",2004,"quag",8,60,0.133333333333333
"204","ann38",2004,"rogy",2,60,0.0333333333333333
"205","ann38",2004,"symo",7,60,0.116666666666667
"206","ann38",2004,"umca",3,60,0.05
"207","apgar01",2004,"arcto",12,60,0.2
"208","apgar01",2004,"arme",11,60,0.183333333333333
"209","apgar01",2004,"bapi",2,60,0.0333333333333333
"210","apgar01",2004,"hear",15,60,0.25
"211","apgar01",2004,"lohi",33,60,0.55
"212","apgar01",2004,"psme",13,60,0.216666666666667
"213","apgar01",2004,"quag",20,60,0.333333333333333
"214","apgar01",2004,"quch",18,60,0.3
"215","apgar01",2004,"quga",1,60,0.0166666666666667
"216","apgar01",2004,"todi",24,60,0.4
"217","apgar01",2004,"umca",36,60,0.6
"218","arbit01",2004,"quga",4,60,0.0666666666666667
"219","arbit01",2004,"quke",1,60,0.0166666666666667
"220","arbit01",2004,"todi",3,60,0.05
"221","arbit01",2004,"umca",32,60,0.533333333333333
"222","arbit02",2004,"bapi",1,55,0.0181818181818182
"223","arbit02",2004,"lohi",3,55,0.0545454545454545
"224","arbit02",2004,"psme",1,55,0.0181818181818182
"225","arbit02",2004,"quag",5,55,0.0909090909090909
"226","arbit02",2004,"rhca",1,55,0.0181818181818182
"227","arbit02",2004,"todi",1,55,0.0181818181818182
"228","arbit02",2004,"umca",14,55,0.254545454545455
"229","arbit03",2004,"hear",2,55,0.0363636363636364
"230","arbit03",2004,"lohi",26,55,0.472727272727273
"231","arbit03",2004,"psme",2,55,0.0363636363636364
"232","arbit03",2004,"quag",4,55,0.0727272727272727
"233","arbit03",2004,"quga",1,55,0.0181818181818182
"234","arbit03",2004,"umca",19,55,0.345454545454545
"235","arbit04",2004,"quag",1,60,0.0166666666666667
"236","arbit04",2004,"umca",46,60,0.766666666666667
"237","arbit05",2004,"rogy",11,50,0.22
"238","arbit05",2004,"todi",22,50,0.44
"239","arbit05",2004,"umca",1,50,0.02
"240","athea02",2005,"psme",3,60,0.05
"241","athea02",2005,"quga",1,60,0.0166666666666667
"242","athea02",2005,"quke",1,60,0.0166666666666667
"243","athea02",2005,"todi",38,60,0.633333333333333
"244","athea02",2005,"umca",6,60,0.1
"245","backm02",2005,"quag",1,55,0.0181818181818182
"246","backm02",2005,"quch",1,55,0.0181818181818182
"247","backm02",2005,"umca",1,55,0.0181818181818182
"248","backm03",2005,"psme",1,60,0.0166666666666667
"249","backm03",2005,"quag",8,60,0.133333333333333
"250","backm03",2005,"todi",23,60,0.383333333333333
"251","backm03",2005,"umca",17,60,0.283333333333333
"252","backm04",2005,"cebe",1,60,0.0166666666666667
"253","backm04",2005,"lohi",2,60,0.0333333333333333
"254","backm04",2005,"miau",3,60,0.05
"255","backm04",2005,"psme",8,60,0.133333333333333
"256","backm04",2005,"quag",1,60,0.0166666666666667
"257","backm04",2005,"todi",13,60,0.216666666666667
"258","backm04",2005,"umca",1,60,0.0166666666666667
"259","backm05",2005,"psme",2,65,0.0307692307692308
"260","backm05",2005,"quch",1,65,0.0153846153846154
"261","backm05",2005,"umca",4,65,0.0615384615384615
"262","badge01",2004,"hear",1,60,0.0166666666666667
"263","badge01",2004,"lohi",18,60,0.3
"264","badge01",2004,"psme",1,60,0.0166666666666667
"265","badge01",2004,"quag",1,60,0.0166666666666667
"266","badge01",2004,"quercus sp.",1,60,0.0166666666666667
"267","badge01",2004,"quga",4,60,0.0666666666666667
"268","badge01",2004,"todi",15,60,0.25
"269","badge01",2004,"umca",7,60,0.116666666666667
"270","belta01",2004,"arme",1,60,0.0166666666666667
"271","belta01",2004,"hear",9,60,0.15
"272","belta01",2004,"lohi",47,60,0.783333333333333
"273","belta01",2004,"miau",11,60,0.183333333333333
"274","belta01",2004,"quag",11,60,0.183333333333333
"275","belta01",2004,"todi",19,60,0.316666666666667
"276","belta01",2004,"umca",20,60,0.333333333333333
"277","belta02",2004,"hear",2,60,0.0333333333333333
"278","belta02",2004,"lohi",1,60,0.0166666666666667
"279","belta02",2004,"psme",9,60,0.15
"280","belta02",2004,"quag",5,60,0.0833333333333333
"281","belta02",2004,"todi",33,60,0.55
"282","belta02",2004,"umca",10,60,0.166666666666667
"283","belta03",2004,"psme",2,60,0.0333333333333333
"284","belta03",2004,"quag",3,60,0.05
"285","belta03",2004,"quga",17,60,0.283333333333333
"286","belta03",2004,"todi",2,60,0.0333333333333333
"287","belta03",2004,"umca",3,60,0.05
"288","belta04",2004,"arme",3,65,0.0461538461538462
"289","belta04",2004,"hear",4,65,0.0615384615384615
"290","belta04",2004,"miau",2,65,0.0307692307692308
"291","belta04",2004,"psme",19,65,0.292307692307692
"292","belta04",2004,"quag",17,65,0.261538461538462
"293","belta04",2004,"todi",47,65,0.723076923076923
"294","belta04",2004,"umca",21,65,0.323076923076923
"295","belta07",2004,"arcto",6,60,0.1
"296","belta07",2004,"arme",1,60,0.0166666666666667
"297","belta07",2004,"hear",8,60,0.133333333333333
"298","belta07",2004,"lohi",13,60,0.216666666666667
"299","belta07",2004,"psme",1,60,0.0166666666666667
"300","belta07",2004,"quag",6,60,0.1
"301","belta07",2004,"todi",30,60,0.5
"302","belta07",2004,"umca",4,60,0.0666666666666667
"303","belta08",2004,"arme",1,55,0.0181818181818182
"304","belta08",2004,"coco",9,55,0.163636363636364
"305","belta08",2004,"hear",6,55,0.109090909090909
"306","belta08",2004,"lohi",32,55,0.581818181818182
"307","belta08",2004,"psme",3,55,0.0545454545454545
"308","belta08",2004,"quag",5,55,0.0909090909090909
"309","belta08",2004,"quga",5,55,0.0909090909090909
"310","belta08",2004,"rogy",6,55,0.109090909090909
"311","belta08",2004,"symo",23,55,0.418181818181818
"312","belta08",2004,"todi",18,55,0.327272727272727
"313","belta08",2004,"umca",23,55,0.418181818181818
"314","berge01",2005,"hear",1,55,0.0181818181818182
"315","berge01",2005,"lohi",21,55,0.381818181818182
"316","berge01",2005,"todi",24,55,0.436363636363636
"317","berge01",2005,"umca",17,55,0.309090909090909
"318","berge01",2005,"vinca sp.",17,55,0.309090909090909
"319","bouv01",2005,"prunus sp.",1,60,0.0166666666666667
"320","bouv01",2005,"quag",4,60,0.0666666666666667
"321","bouv01",2005,"quga",6,60,0.1
"322","bouv01",2005,"todi",2,60,0.0333333333333333
"323","bouv02",2005,"hear",6,50,0.12
"324","bouv02",2005,"lohi",11,50,0.22
"325","bouv02",2005,"psme",8,50,0.16
"326","bouv02",2005,"quag",11,50,0.22
"327","bouv02",2005,"rhca",1,50,0.02
"328","bouv02",2005,"todi",45,50,0.9
"329","bouv02",2005,"umca",21,50,0.42
"330","bouv03",2005,"aeca",2,60,0.0333333333333333
"331","bouv03",2005,"hodi",1,60,0.0166666666666667
"332","bouv03",2005,"lohi",4,60,0.0666666666666667
"333","bouv03",2005,"quag",1,60,0.0166666666666667
"334","bouv03",2005,"rogy",6,60,0.1
"335","bouv03",2005,"symo",12,60,0.2
"336","bouv03",2005,"todi",50,60,0.833333333333333
"337","bouv03",2005,"umca",19,60,0.316666666666667
"338","bouv09",2005,"aeca",2,60,0.0333333333333333
"339","bouv09",2005,"hear",3,60,0.05
"340","bouv09",2005,"lohi",15,60,0.25
"341","bouv09",2005,"psme",1,60,0.0166666666666667
"342","bouv09",2005,"quag",1,60,0.0166666666666667
"343","bouv09",2005,"roca",4,60,0.0666666666666667
"344","bouv09",2005,"rubus sp.",1,60,0.0166666666666667
"345","bouv09",2005,"syal",15,60,0.25
"346","bouv09",2005,"todi",24,60,0.4
"347","bouv09",2005,"umca",12,60,0.2
"348","bowes01",2005,"arme",2,60,0.0333333333333333
"349","bowes01",2005,"lohi",51,60,0.85
"350","bowes01",2005,"quag",1,60,0.0166666666666667
"351","bowes01",2005,"quke",4,60,0.0666666666666667
"352","bowes01",2005,"rogy",10,60,0.166666666666667
"353","bowes01",2005,"symo",56,60,0.933333333333333
"354","bowes01",2005,"todi",45,60,0.75
"355","bowes01",2005,"umca",58,60,0.966666666666667
"356","bowes02",2005,"quga",5,60,0.0833333333333333
"357","bowes02",2005,"quke",3,60,0.05
"358","bowes02",2005,"todi",2,60,0.0333333333333333
"359","bowes02",2005,"umca",15,60,0.25
"360","bowes03",2005,"acma",1,60,0.0166666666666667
"361","bowes03",2005,"hear",1,60,0.0166666666666667
"362","bowes03",2005,"lohi",9,60,0.15
"363","bowes03",2005,"quag",1,60,0.0166666666666667
"364","bowes03",2005,"quke",2,60,0.0333333333333333
"365","bowes03",2005,"rogy",6,60,0.1
"366","bowes03",2005,"symo",34,60,0.566666666666667
"367","bowes03",2005,"todi",27,60,0.45
"368","bowes03",2005,"umca",34,60,0.566666666666667
"369","bush01",2005,"aeca",2,60,0.0333333333333333
"370","bush01",2005,"quke",1,60,0.0166666666666667
"371","bush01",2005,"umca",6,60,0.1
"372","cochr01",2004,"quag",1,60,0.0166666666666667
"373","cochr01",2004,"qudo",1,60,0.0166666666666667
"374","cochr01",2004,"todi",6,60,0.1
"375","cochr01",2004,"umca",1,60,0.0166666666666667
"376","cook01",2004,"quag",4,60,0.0666666666666667
"377","cook01",2004,"todi",9,60,0.15
"378","cook01",2004,"umca",1,60,0.0166666666666667
"379","cook02",2004,"hodi",5,60,0.0833333333333333
"380","cook02",2004,"lohi",16,60,0.266666666666667
"381","cook02",2004,"quga",10,60,0.166666666666667
"382","cook02",2004,"symo",6,60,0.1
"383","cook02",2004,"todi",12,60,0.2
"384","cook02",2004,"umca",6,60,0.1
"385","doman01",2004,"aeca",1,60,0.0166666666666667
"386","doman01",2004,"arme",2,60,0.0333333333333333
"387","doman01",2004,"hear",12,60,0.2
"388","doman01",2004,"lohi",9,60,0.15
"389","doman01",2004,"miau",13,60,0.216666666666667
"390","doman01",2004,"quag",20,60,0.333333333333333
"391","doman01",2004,"todi",7,60,0.116666666666667
"392","doman01",2004,"umca",37,60,0.616666666666667
"393","eliot01",2004,"acma",2,55,0.0363636363636364
"394","eliot01",2004,"coco",3,55,0.0545454545454545
"395","eliot01",2004,"hear",1,55,0.0181818181818182
"396","eliot01",2004,"lohi",12,55,0.218181818181818
"397","eliot01",2004,"psme",3,55,0.0545454545454545
"398","eliot01",2004,"quag",8,55,0.145454545454545
"399","eliot01",2004,"quch",7,55,0.127272727272727
"400","eliot01",2004,"quwi",1,55,0.0181818181818182
"401","eliot01",2004,"rogy",18,55,0.327272727272727
"402","eliot01",2004,"symo",2,55,0.0363636363636364
"403","eliot01",2004,"todi",7,55,0.127272727272727
"404","eliot01",2004,"umca",17,55,0.309090909090909
"405","ferra01",2004,"hear",2,60,0.0333333333333333
"406","ferra01",2004,"hodi",4,60,0.0666666666666667
"407","ferra01",2004,"lohi",18,60,0.3
"408","ferra01",2004,"quag",10,60,0.166666666666667
"409","ferra01",2004,"rogy",9,60,0.15
"410","ferra01",2004,"ruur",26,60,0.433333333333333
"411","ferra01",2004,"symo",46,60,0.766666666666667
"412","ferra01",2004,"todi",19,60,0.316666666666667
"413","ferra01",2004,"umca",40,60,0.666666666666667
"414","ferra01",2004,"whmo",13,60,0.216666666666667
"415","fop04",2003,"quga",1,60,0.0166666666666667
"416","fop04",2003,"rica",1,60,0.0166666666666667
"417","fop04",2003,"todi",1,60,0.0166666666666667
"418","fop04",2003,"umca",5,60,0.0833333333333333
"419","fop324",2003,"hear",1,60,0.0166666666666667
"420","fop324",2003,"quag",3,60,0.05
"421","fop324",2003,"quga",7,60,0.116666666666667
"422","fop324",2003,"rica",1,60,0.0166666666666667
"423","fop324",2003,"todi",11,60,0.183333333333333
"424","fop324",2003,"umca",1,60,0.0166666666666667
"425","fop333",2005,"lohi",7,60,0.116666666666667
"426","fop333",2005,"quag",1,60,0.0166666666666667
"427","fop333",2005,"todi",27,60,0.45
"428","fop333",2005,"umca",4,60,0.0666666666666667
"429","fop340",2003,"quag",1,60,0.0166666666666667
"430","fop340",2003,"todi",25,60,0.416666666666667
"431","fop340",2003,"umca",1,60,0.0166666666666667
"432","fride01",2004,"arme",1,70,0.0142857142857143
"433","fride01",2004,"lohi",32,70,0.457142857142857
"434","fride01",2004,"quga",4,70,0.0571428571428571
"435","fride01",2004,"quke",9,70,0.128571428571429
"436","fride01",2004,"symo",11,70,0.157142857142857
"437","fride01",2004,"todi",65,70,0.928571428571429
"438","fride01",2004,"umca",4,70,0.0571428571428571
"439","ganay01",2004,"arme",4,60,0.0666666666666667
"440","ganay01",2004,"bapi",3,60,0.05
"441","ganay01",2004,"hear",1,60,0.0166666666666667
"442","ganay01",2004,"lohi",49,60,0.816666666666667
"443","ganay01",2004,"psme",22,60,0.366666666666667
"444","ganay01",2004,"quag",16,60,0.266666666666667
"445","ganay01",2004,"todi",5,60,0.0833333333333333
"446","ganay01",2004,"umca",5,60,0.0833333333333333
"447","ganay02",2004,"arme",2,50,0.04
"448","ganay02",2004,"lohi",1,50,0.02
"449","ganay02",2004,"psme",5,50,0.1
"450","ganay02",2004,"quag",4,50,0.08
"451","ganay02",2004,"todi",1,50,0.02
"452","ganay02",2004,"umca",4,50,0.08
"453","gard01",2004,"arme",3,60,0.05
"454","gard01",2004,"hear",27,60,0.45
"455","gard01",2004,"lohi",45,60,0.75
"456","gard01",2004,"psme",3,60,0.05
"457","gard01",2004,"quch",8,60,0.133333333333333
"458","gard01",2004,"ruur",1,60,0.0166666666666667
"459","gard01",2004,"todi",16,60,0.266666666666667
"460","gard01",2004,"umca",18,60,0.3
"461","hallo01",2004,"arcto",1,60,0.0166666666666667
"462","hallo01",2004,"arme",3,60,0.05
"463","hallo01",2004,"hear",12,60,0.2
"464","hallo01",2004,"lohi",27,60,0.45
"465","hallo01",2004,"psme",8,60,0.133333333333333
"466","hallo01",2004,"quag",19,60,0.316666666666667
"467","hallo01",2004,"quch",4,60,0.0666666666666667
"468","hallo01",2004,"quke",1,60,0.0166666666666667
"469","hallo01",2004,"rogy",1,60,0.0166666666666667
"470","hallo01",2004,"ruur",1,60,0.0166666666666667
"471","hallo01",2004,"todi",9,60,0.15
"472","hallo01",2004,"umca",5,60,0.0833333333333333
"473","halow01",2003,"quke",3,60,0.05
"474","halow01",2003,"umca",10,60,0.166666666666667
"475","halow01",2003,"unknown sp. 1",1,60,0.0166666666666667
"476","halow02",2003,"acma",8,55,0.145454545454545
"477","halow02",2003,"aeca",1,55,0.0181818181818182
"478","halow02",2003,"quke",4,55,0.0727272727272727
"479","halow02",2003,"todi",3,55,0.0545454545454545
"480","halow02",2003,"umca",18,55,0.327272727272727
"481","hood01",2004,"hear",2,65,0.0307692307692308
"482","hood01",2004,"lohi",30,65,0.461538461538462
"483","hood01",2004,"psme",8,65,0.123076923076923
"484","hood01",2004,"quch",14,65,0.215384615384615
"485","hood01",2004,"rhca",5,65,0.0769230769230769
"486","hood01",2004,"todi",3,65,0.0461538461538462
"487","hood01",2004,"umca",10,65,0.153846153846154
"488","hood02",2004,"caoc",5,60,0.0833333333333333
"489","hood02",2004,"hear",20,60,0.333333333333333
"490","hood02",2004,"lohi",9,60,0.15
"491","hood02",2004,"quag",4,60,0.0666666666666667
"492","hood02",2004,"quch",4,60,0.0666666666666667
"493","hood02",2004,"rhca",1,60,0.0166666666666667
"494","hood02",2004,"todi",2,60,0.0333333333333333
"495","hood02",2004,"umca",18,60,0.3
"496","hood03",2004,"lide",1,50,0.02
"497","hood03",2004,"lohi",4,50,0.08
"498","hood03",2004,"psme",6,50,0.12
"499","hood03",2004,"quch",47,50,0.94
"500","hood03",2004,"quwi",7,50,0.14
"501","hood03",2004,"todi",5,50,0.1
"502","hood03",2004,"umca",17,50,0.34
"503","hood04",2005,"acma",25,55,0.454545454545455
"504","hood05",2004,"lide",11,55,0.2
"505","hood05",2004,"lohi",2,55,0.0363636363636364
"506","hood05",2004,"psme",1,55,0.0181818181818182
"507","hood05",2004,"quch",5,55,0.0909090909090909
"508","hood05",2004,"quwi",1,55,0.0181818181818182
"509","hood05",2004,"todi",5,55,0.0909090909090909
"510","hood05",2004,"umca",12,55,0.218181818181818
"511","hood07",2005,"hear",3,60,0.05
"512","hood07",2005,"lohi",3,60,0.05
"513","hood07",2005,"psme",1,60,0.0166666666666667
"514","hood07",2005,"quag",4,60,0.0666666666666667
"515","hood07",2005,"quch",8,60,0.133333333333333
"516","hood07",2005,"todi",10,60,0.166666666666667
"517","hood07",2005,"umca",14,60,0.233333333333333
"518","jlsp01",2004,"hear",1,60,0.0166666666666667
"519","jlsp01",2004,"lohi",17,60,0.283333333333333
"520","jlsp01",2004,"quag",6,60,0.1
"521","jlsp01",2004,"quke",1,60,0.0166666666666667
"522","jlsp01",2004,"todi",7,60,0.116666666666667
"523","jlsp01",2004,"umca",3,60,0.05
"524","jlsp02",2004,"arme",3,65,0.0461538461538462
"525","jlsp02",2004,"hear",6,65,0.0923076923076923
"526","jlsp02",2004,"lohi",43,65,0.661538461538462
"527","jlsp02",2004,"quag",6,65,0.0923076923076923
"528","jlsp02",2004,"quga",10,65,0.153846153846154
"529","jlsp02",2004,"todi",27,65,0.415384615384615
"530","jlsp02",2004,"umca",5,65,0.0769230769230769
"531","jlsp03",2004,"coco",4,60,0.0666666666666667
"532","jlsp03",2004,"lide",5,60,0.0833333333333333
"533","jlsp03",2004,"lohi",21,60,0.35
"534","jlsp03",2004,"rogy",6,60,0.1
"535","jlsp03",2004,"rubus sp.",15,60,0.25
"536","jlsp03",2004,"todi",23,60,0.383333333333333
"537","jlsp03",2004,"umca",5,60,0.0833333333333333
"538","jlsp04",2004,"coco",4,60,0.0666666666666667
"539","jlsp04",2004,"lide",12,60,0.2
"540","jlsp04",2004,"lohi",5,60,0.0833333333333333
"541","jlsp04",2004,"rogy",4,60,0.0666666666666667
"542","jlsp04",2004,"sese",1,60,0.0166666666666667
"543","jlsp04",2004,"todi",12,60,0.2
"544","jlsp04",2004,"trla",3,60,0.05
"545","jlsp06",2004,"aeca",1,60,0.0166666666666667
"546","jlsp06",2004,"prunus sp.",3,60,0.05
"547","jlsp06",2004,"ptaq",3,60,0.05
"548","jlsp06",2004,"quag",5,60,0.0833333333333333
"549","jlsp06",2004,"rogy",10,60,0.166666666666667
"550","jlsp06",2004,"symo",12,60,0.2
"551","jlsp06",2004,"todi",21,60,0.35
"552","jlsp06",2004,"umca",2,60,0.0333333333333333
"553","jlsp07",2004,"drar",30,65,0.461538461538462
"554","jlsp07",2004,"lide",12,65,0.184615384615385
"555","jlsp07",2004,"umca",4,65,0.0615384615384615
"556","jlsp08",2004,"acma",1,60,0.0166666666666667
"557","jlsp08",2004,"coco",1,60,0.0166666666666667
"558","jlsp08",2004,"lide",1,60,0.0166666666666667
"559","jlsp08",2004,"ptaq",2,60,0.0333333333333333
"560","jlsp08",2004,"rogy",1,60,0.0166666666666667
"561","jlsp08",2004,"umca",1,60,0.0166666666666667
"562","jlsp10",2004,"lohi",1,60,0.0166666666666667
"563","jlsp10",2004,"ptaq",4,60,0.0666666666666667
"564","jlsp10",2004,"quga",1,60,0.0166666666666667
"565","jlsp10",2004,"rogy",3,60,0.05
"566","jlsp10",2004,"todi",3,60,0.05
"567","jlsp10",2004,"umca",5,60,0.0833333333333333
"568","jlsp13",2004,"coco",1,60,0.0166666666666667
"569","jlsp13",2004,"lohi",2,60,0.0333333333333333
"570","jlsp13",2004,"rogy",10,60,0.166666666666667
"571","jlsp13",2004,"todi",6,60,0.1
"572","jlsp13",2004,"umca",2,60,0.0333333333333333
"573","jlsp14",2004,"hodi",40,60,0.666666666666667
"574","jlsp14",2004,"lohi",15,60,0.25
"575","jlsp14",2004,"quga",3,60,0.05
"576","jlsp14",2004,"quke",3,60,0.05
"577","jlsp14",2004,"rogy",4,60,0.0666666666666667
"578","jlsp14",2004,"todi",3,60,0.05
"579","jlsp14",2004,"umca",25,60,0.416666666666667
"580","jlsp15",2003,"todi",1,60,0.0166666666666667
"581","jlsp15",2003,"umca",8,60,0.133333333333333
"582","jlsp16",2004,"arcto",1,60,0.0166666666666667
"583","jlsp16",2004,"arme",6,60,0.1
"584","jlsp16",2004,"coco",1,60,0.0166666666666667
"585","jlsp16",2004,"hear",10,60,0.166666666666667
"586","jlsp16",2004,"lohi",34,60,0.566666666666667
"587","jlsp16",2004,"quag",5,60,0.0833333333333333
"588","jlsp16",2004,"quga",1,60,0.0166666666666667
"589","jlsp16",2004,"rogy",22,60,0.366666666666667
"590","jlsp16",2004,"symo",4,60,0.0666666666666667
"591","jlsp16",2004,"todi",31,60,0.516666666666667
"592","jlsp16",2004,"umca",17,60,0.283333333333333
"593","jlsp17",2004,"acma",1,60,0.0166666666666667
"594","jlsp17",2004,"quga",1,60,0.0166666666666667
"595","jlsp17",2004,"quke",2,60,0.0333333333333333
"596","jlsp17",2004,"umca",30,60,0.5
"597","johns01",2004,"acma",2,60,0.0333333333333333
"598","johns01",2004,"lide",6,60,0.1
"599","johns01",2004,"umca",3,60,0.05
"600","johns02",2004,"lide",25,55,0.454545454545455
"601","johns02",2004,"psme",1,55,0.0181818181818182
"602","johns02",2004,"quag",1,55,0.0181818181818182
"603","johns02",2004,"umca",2,55,0.0363636363636364
"604","jroth01",2004,"quke",1,65,0.0153846153846154
"605","jroth01",2004,"todi",3,65,0.0461538461538462
"606","jroth01",2004,"umca",11,65,0.169230769230769
"607","jroth02",2004,"todi",1,60,0.0166666666666667
"608","jroth02",2004,"umca",49,60,0.816666666666667
"609","jroth03",2003,"quag",2,60,0.0333333333333333
"610","jroth03",2003,"ribes sp.",1,60,0.0166666666666667
"611","jroth03",2003,"umca",21,60,0.35
"612","jroth04",2004,"lohi",8,60,0.133333333333333
"613","jroth04",2004,"quga",5,60,0.0833333333333333
"614","jroth04",2004,"quke",1,60,0.0166666666666667
"615","jroth04",2004,"rica",1,60,0.0166666666666667
"616","jroth04",2004,"todi",6,60,0.1
"617","jroth04",2004,"umca",8,60,0.133333333333333
"618","jroth05",2004,"quke",3,60,0.05
"619","jroth05",2004,"todi",23,60,0.383333333333333
"620","jroth05",2004,"umca",31,60,0.516666666666667
"621","klass01",2004,"lohi",8,60,0.133333333333333
"622","klass01",2004,"quke",2,60,0.0333333333333333
"623","klass01",2004,"todi",3,60,0.05
"624","klass01",2004,"umca",5,60,0.0833333333333333
"625","klass02",2005,"lohi",16,60,0.266666666666667
"626","klass02",2005,"quag",2,60,0.0333333333333333
"627","klass02",2005,"quke",1,60,0.0166666666666667
"628","klass02",2005,"symo",1,60,0.0166666666666667
"629","klass02",2005,"todi",3,60,0.05
"630","klass02",2005,"umca",2,60,0.0333333333333333
"631","kunde01",2004,"quag",4,60,0.0666666666666667
"632","kunde01",2004,"todi",34,60,0.566666666666667
"633","kunde01",2004,"umca",4,60,0.0666666666666667
"634","kunde02",2004,"quag",4,60,0.0666666666666667
"635","kunde02",2004,"todi",34,60,0.566666666666667
"636","kunde02",2004,"umca",13,60,0.216666666666667
"637","kunde03",2004,"adfa",4,55,0.0727272727272727
"638","kunde03",2004,"arcto",1,55,0.0181818181818182
"639","kunde03",2004,"miau",1,55,0.0181818181818182
"640","kunde03",2004,"psme",7,55,0.127272727272727
"641","kunde03",2004,"quag",11,55,0.2
"642","kunde03",2004,"quga",1,55,0.0181818181818182
"643","kunde03",2004,"quke",1,55,0.0181818181818182
"644","kunde03",2004,"todi",11,55,0.2
"645","kunde03",2004,"umca",1,55,0.0181818181818182
"646","kunde04",2004,"hear",12,60,0.2
"647","kunde04",2004,"hodi",20,60,0.333333333333333
"648","kunde04",2004,"lohi",12,60,0.2
"649","kunde04",2004,"miau",1,60,0.0166666666666667
"650","kunde04",2004,"movi",2,60,0.0333333333333333
"651","kunde04",2004,"quag",1,60,0.0166666666666667
"652","kunde04",2004,"quga",2,60,0.0333333333333333
"653","kunde04",2004,"rhcr",10,60,0.166666666666667
"654","kunde04",2004,"todi",11,60,0.183333333333333
"655","kunde04",2004,"umca",3,60,0.05
"656","lars01",2004,"arcto",1,60,0.0166666666666667
"657","lars01",2004,"arme",3,60,0.05
"658","lars01",2004,"hear",11,60,0.183333333333333
"659","lars01",2004,"lohi",57,60,0.95
"660","lars01",2004,"psme",15,60,0.25
"661","lars01",2004,"quag",7,60,0.116666666666667
"662","lars01",2004,"quch",14,60,0.233333333333333
"663","lars01",2004,"quke",1,60,0.0166666666666667
"664","lars01",2004,"todi",21,60,0.35
"665","lars01",2004,"umca",13,60,0.216666666666667
"666","lazy04",2004,"quag",9,60,0.15
"667","lazy04",2004,"quke",3,60,0.05
"668","lazy04",2004,"todi",26,60,0.433333333333333
"669","lazy04",2004,"umca",22,60,0.366666666666667
"670","lazy05",2004,"bapi",1,60,0.0166666666666667
"671","lazy05",2004,"hear",2,60,0.0333333333333333
"672","lazy05",2004,"lohi",29,60,0.483333333333333
"673","lazy05",2004,"miau",1,60,0.0166666666666667
"674","lazy05",2004,"quag",5,60,0.0833333333333333
"675","lazy05",2004,"quga",2,60,0.0333333333333333
"676","lazy05",2004,"quke",10,60,0.166666666666667
"677","lazy05",2004,"rhca",7,60,0.116666666666667
"678","lazy05",2004,"symo",1,60,0.0166666666666667
"679","lazy05",2004,"todi",41,60,0.683333333333333
"680","lazy05",2004,"umca",2,60,0.0333333333333333
"681","lins01",2004,"lohi",2,65,0.0307692307692308
"682","lins01",2004,"quag",3,65,0.0461538461538462
"683","lins01",2004,"todi",1,65,0.0153846153846154
"684","lins01",2004,"umca",2,65,0.0307692307692308
"685","lupin01",2004,"quag",4,60,0.0666666666666667
"686","lupin01",2004,"quke",1,60,0.0166666666666667
"687","lupin01",2004,"umca",10,60,0.166666666666667
"688","macki01",2004,"quag",3,55,0.0545454545454545
"689","macki01",2004,"qudo",6,55,0.109090909090909
"690","macki01",2004,"todi",23,55,0.418181818181818
"691","macki01",2004,"umca",3,55,0.0545454545454545
"692","mccor01",2004,"acma",3,65,0.0461538461538462
"693","mccor01",2004,"arme",12,65,0.184615384615385
"694","mccor01",2004,"lohi",5,65,0.0769230769230769
"695","mccor01",2004,"psme",1,65,0.0153846153846154
"696","mccor01",2004,"quch",2,65,0.0307692307692308
"697","mccor01",2004,"quke",18,65,0.276923076923077
"698","mccor01",2004,"todi",37,65,0.569230769230769
"699","mccor01",2004,"umca",22,65,0.338461538461538
"700","mccor02",2004,"psme",1,60,0.0166666666666667
"701","mccor02",2004,"quag",4,60,0.0666666666666667
"702","mccor02",2004,"quch",2,60,0.0333333333333333
"703","mccor02",2004,"quga",22,60,0.366666666666667
"704","mccor02",2004,"quke",1,60,0.0166666666666667
"705","mccor02",2004,"umca",1,60,0.0166666666666667
"706","mccor05",2004,"acma",2,60,0.0333333333333333
"707","mccor05",2004,"psme",2,60,0.0333333333333333
"708","mccor05",2004,"quag",1,60,0.0166666666666667
"709","mccor05",2004,"quch",11,60,0.183333333333333
"710","mccor05",2004,"quke",2,60,0.0333333333333333
"711","mccor05",2004,"umca",20,60,0.333333333333333
"712","mcneil01",2005,"arme",11,55,0.2
"713","mcneil01",2005,"ceanothus sp.",9,55,0.163636363636364
"714","mcneil01",2005,"coco",3,55,0.0545454545454545
"715","mcneil01",2005,"hear",2,55,0.0363636363636364
"716","mcneil01",2005,"hodi",3,55,0.0545454545454545
"717","mcneil01",2005,"lohi",3,55,0.0545454545454545
"718","mcneil01",2005,"miau",2,55,0.0363636363636364
"719","mcneil01",2005,"psme",1,55,0.0181818181818182
"720","mcneil01",2005,"quag",6,55,0.109090909090909
"721","mcneil01",2005,"rogy",20,55,0.363636363636364
"722","mcneil01",2005,"sese",3,55,0.0545454545454545
"723","mcneil01",2005,"todi",2,55,0.0363636363636364
"724","mcneil01",2005,"umca",5,55,0.0909090909090909
"725","mcneil01",2005,"vinca sp.",1,55,0.0181818181818182
"726","mcneil03",2005,"arcto",1,60,0.0166666666666667
"727","mcneil03",2005,"hear",18,60,0.3
"728","mcneil03",2005,"lohi",17,60,0.283333333333333
"729","mcneil03",2005,"lupine sp.",8,60,0.133333333333333
"730","mcneil03",2005,"miau",7,60,0.116666666666667
"731","mcneil03",2005,"mimulus sp",2,60,0.0333333333333333
"732","mcneil03",2005,"quag",11,60,0.183333333333333
"733","mcneil03",2005,"todi",46,60,0.766666666666667
"734","mcneil03",2005,"umca",8,60,0.133333333333333
"735","mcneil03",2005,"unknown sp. 1",5,60,0.0833333333333333
"736","mcneil03",2005,"unknown sp. 2",4,60,0.0666666666666667
"737","mcneil03",2005,"vinca sp.",33,60,0.55
"738","mesch01",2003,"lohi",4,60,0.0666666666666667
"739","mesch01",2003,"quke",6,60,0.1
"740","mesch01",2003,"todi",12,60,0.2
"741","mesch01",2003,"umca",2,60,0.0333333333333333
"742","mitsu01",2004,"quga",2,55,0.0363636363636364
"743","mitsu01",2004,"umca",2,55,0.0363636363636364
"744","mitsu02",2004,"lohi",1,60,0.0166666666666667
"745","mitsu02",2004,"quag",1,60,0.0166666666666667
"746","mitsu02",2004,"quga",4,60,0.0666666666666667
"747","mitsu02",2004,"umca",2,60,0.0333333333333333
"748","mitsu03",2004,"umca",1,55,0.0181818181818182
"749","mitsu04",2004,"acma",2,60,0.0333333333333333
"750","mitsu04",2004,"aeca",1,60,0.0166666666666667
"751","mitsu04",2004,"quke",8,60,0.133333333333333
"752","mitsu04",2004,"todi",1,60,0.0166666666666667
"753","mitsu04",2004,"umca",16,60,0.266666666666667
"754","morel01",2004,"quag",1,60,0.0166666666666667
"755","morel01",2004,"symo",1,60,0.0166666666666667
"756","morel02",2004,"umca",4,60,0.0666666666666667
"757","mroth01",2004,"quag",1,60,0.0166666666666667
"758","mroth01",2004,"quga",2,60,0.0333333333333333
"759","mroth01",2004,"quke",1,60,0.0166666666666667
"760","mroth01",2004,"todi",1,60,0.0166666666666667
"761","mroth01",2004,"umca",4,60,0.0666666666666667
"762","mroth02",2004,"acma",10,60,0.166666666666667
"763","mroth02",2004,"dead wood",1,60,0.0166666666666667
"764","mroth02",2004,"quga",1,60,0.0166666666666667
"765","mroth02",2004,"quke",1,60,0.0166666666666667
"766","mroth02",2004,"todi",3,60,0.05
"767","mroth02",2004,"umca",12,60,0.2
"768","mroth03",2004,"quga",2,60,0.0333333333333333
"769","mroth03",2004,"todi",6,60,0.1
"770","mroth03",2004,"umca",3,60,0.05
"771","mutte01",2004,"adfa",1,60,0.0166666666666667
"772","mutte01",2004,"arcto",1,60,0.0166666666666667
"773","mutte01",2004,"garrya sp.",2,60,0.0333333333333333
"774","mutte01",2004,"hear",24,60,0.4
"775","mutte01",2004,"leca",4,60,0.0666666666666667
"776","mutte01",2004,"lohi",3,60,0.05
"777","mutte01",2004,"movi",10,60,0.166666666666667
"778","mutte01",2004,"psme",1,60,0.0166666666666667
"779","mutte01",2004,"quch",3,60,0.05
"780","mutte01",2004,"quwi",31,60,0.516666666666667
"781","mutte01",2004,"todi",1,60,0.0166666666666667
"782","mutte01",2004,"umca",10,60,0.166666666666667
"783","mutte02",2004,"hear",2,45,0.0444444444444444
"784","mutte02",2004,"lohi",3,45,0.0666666666666667
"785","mutte02",2004,"quch",3,45,0.0666666666666667
"786","mutte02",2004,"rogy",2,45,0.0444444444444444
"787","mutte02",2004,"ruur",2,45,0.0444444444444444
"788","mutte02",2004,"umca",29,45,0.644444444444444
"789","nelso01",2004,"aeca",1,60,0.0166666666666667
"790","nelso01",2004,"arme",1,60,0.0166666666666667
"791","nelso01",2004,"hear",15,60,0.25
"792","nelso01",2004,"lohi",3,60,0.05
"793","nelso01",2004,"miau",19,60,0.316666666666667
"794","nelso01",2004,"quag",10,60,0.166666666666667
"795","nelso01",2004,"qube",3,60,0.05
"796","nelso01",2004,"todi",11,60,0.183333333333333
"797","nelso01",2004,"umca",4,60,0.0666666666666667
"798","nelso02",2004,"arcto",1,55,0.0181818181818182
"799","nelso02",2004,"bapi",8,55,0.145454545454545
"800","nelso02",2004,"hear",22,55,0.4
"801","nelso02",2004,"hodi",6,55,0.109090909090909
"802","nelso02",2004,"lohi",1,55,0.0181818181818182
"803","nelso02",2004,"miau",1,55,0.0181818181818182
"804","nelso02",2004,"quag",10,55,0.181818181818182
"805","nelso02",2004,"symo",1,55,0.0181818181818182
"806","nelso02",2004,"todi",36,55,0.654545454545455
"807","nelso02",2004,"umca",1,55,0.0181818181818182
"808","otell01",2004,"arcto",1,60,0.0166666666666667
"809","otell01",2004,"hear",4,60,0.0666666666666667
"810","otell01",2004,"leca",1,60,0.0166666666666667
"811","otell01",2004,"lohi",32,60,0.533333333333333
"812","otell01",2004,"quag",2,60,0.0333333333333333
"813","otell01",2004,"quga",27,60,0.45
"814","otell01",2004,"todi",14,60,0.233333333333333
"815","otell01",2004,"umca",10,60,0.166666666666667
"816","pardi01",2004,"lohi",6,60,0.1
"817","pardi01",2004,"rogy",3,60,0.05
"818","pardi01",2004,"symo",13,60,0.216666666666667
"819","pardi01",2004,"todi",20,60,0.333333333333333
"820","pardi01",2004,"umca",6,60,0.1
"821","parso01",2004,"arcto",2,60,0.0333333333333333
"822","parso01",2004,"hear",2,60,0.0333333333333333
"823","parso01",2004,"lohi",4,60,0.0666666666666667
"824","parso01",2004,"miau",8,60,0.133333333333333
"825","parso01",2004,"quag",1,60,0.0166666666666667
"826","parso01",2004,"qulo",1,60,0.0166666666666667
"827","parso01",2004,"todi",3,60,0.05
"828","parso01",2004,"umca",2,60,0.0333333333333333
"829","peter01",2004,"todi",1,60,0.0166666666666667
"830","petsn01",2004,"arme",1,60,0.0166666666666667
"831","petsn01",2004,"coco",1,60,0.0166666666666667
"832","petsn01",2004,"hear",21,60,0.35
"833","petsn01",2004,"lohi",7,60,0.116666666666667
"834","petsn01",2004,"psme",6,60,0.1
"835","petsn01",2004,"quag",7,60,0.116666666666667
"836","petsn01",2004,"rogy",9,60,0.15
"837","petsn01",2004,"snag",3,60,0.05
"838","petsn01",2004,"todi",28,60,0.466666666666667
"839","petsn01",2004,"umca",14,60,0.233333333333333
"840","petsn02",2004,"arcto",2,65,0.0307692307692308
"841","petsn02",2004,"hear",9,65,0.138461538461538
"842","petsn02",2004,"lohi",38,65,0.584615384615385
"843","petsn02",2004,"psme",2,65,0.0307692307692308
"844","petsn02",2004,"quag",28,65,0.430769230769231
"845","petsn02",2004,"todi",12,65,0.184615384615385
"846","petsn02",2004,"umca",12,65,0.184615384615385
"847","pfend01",2003,"umca",10,60,0.166666666666667
"848","pfend02",2003,"quag",1,60,0.0166666666666667
"849","pfend02",2003,"todi",1,60,0.0166666666666667
"850","pfend02",2003,"umca",22,60,0.366666666666667
"851","phill01",2004,"frla",2,60,0.0333333333333333
"852","phill01",2004,"hear",2,60,0.0333333333333333
"853","phill01",2004,"leca",1,60,0.0166666666666667
"854","phill01",2004,"lohi",26,60,0.433333333333333
"855","phill01",2004,"quga",1,60,0.0166666666666667
"856","phill01",2004,"todi",48,60,0.8
"857","phill02",2004,"adfa",2,60,0.0333333333333333
"858","phill02",2004,"arma",1,60,0.0166666666666667
"859","phill02",2004,"cebe",5,60,0.0833333333333333
"860","phill02",2004,"cecu",2,60,0.0333333333333333
"861","phill02",2004,"hear",3,60,0.05
"862","phill02",2004,"lohi",34,60,0.566666666666667
"863","phill02",2004,"quag",5,60,0.0833333333333333
"864","phill02",2004,"qube",1,60,0.0166666666666667
"865","phill02",2004,"qudo",2,60,0.0333333333333333
"866","phill02",2004,"quga",1,60,0.0166666666666667
"867","phill02",2004,"todi",19,60,0.316666666666667
"868","ponti02",2004,"acma",1,60,0.0166666666666667
"869","ponti02",2004,"hear",6,60,0.1
"870","ponti02",2004,"psme",5,60,0.0833333333333333
"871","ponti02",2004,"quag",4,60,0.0666666666666667
"872","ponti02",2004,"rogy",2,60,0.0333333333333333
"873","ponti02",2004,"ruur",29,60,0.483333333333333
"874","ponti02",2004,"todi",1,60,0.0166666666666667
"875","ponti02",2004,"umca",7,60,0.116666666666667
"876","redde01",2005,"quga",1,55,0.0181818181818182
"877","redde01",2005,"umca",1,55,0.0181818181818182
"878","redde02",2005,"hear",8,60,0.133333333333333
"879","redde02",2005,"lohi",19,60,0.316666666666667
"880","redde02",2005,"quag",1,60,0.0166666666666667
"881","redde02",2005,"quga",1,60,0.0166666666666667
"882","redde02",2005,"quke",1,60,0.0166666666666667
"883","redde02",2005,"todi",21,60,0.35
"884","redde02",2005,"umca",2,60,0.0333333333333333
"885","redde02",2005,"unknown sp. 1",2,60,0.0333333333333333
"886","sawi01",2005,"lohi",1,60,0.0166666666666667
"887","sawi01",2005,"quga",1,60,0.0166666666666667
"888","sawi01",2005,"quke",9,60,0.15
"889","sawi01",2005,"symo",10,60,0.166666666666667
"890","sawi01",2005,"todi",6,60,0.1
"891","sawi01",2005,"umca",5,60,0.0833333333333333
"892","schiek01",2004,"todi",11,60,0.183333333333333
"893","schiek01",2004,"umca",4,60,0.0666666666666667
"894","schiek02",2004,"lohi",2,55,0.0363636363636364
"895","schiek02",2004,"quag",1,55,0.0181818181818182
"896","schiek02",2004,"quga",6,55,0.109090909090909
"897","schiek02",2004,"quke",1,55,0.0181818181818182
"898","schiek02",2004,"rogy",1,55,0.0181818181818182
"899","schiek02",2004,"todi",3,55,0.0545454545454545
"900","schiek02",2004,"umca",2,55,0.0363636363636364
"901","sdc01",2004,"lohi",3,60,0.05
"902","sdc01",2004,"qulo",1,60,0.0166666666666667
"903","sdc01",2004,"rubus sp.",5,60,0.0833333333333333
"904","sdc01",2004,"sese",1,60,0.0166666666666667
"905","sdc01",2004,"todi",16,60,0.266666666666667
"906","sdc01",2004,"umca",3,60,0.05
"907","sdc02",2004,"acma",16,60,0.266666666666667
"908","sdc02",2004,"bapi",1,60,0.0166666666666667
"909","sdc02",2004,"coco",8,60,0.133333333333333
"910","sdc02",2004,"hear",1,60,0.0166666666666667
"911","sdc02",2004,"lohi",24,60,0.4
"912","sdc02",2004,"quag",1,60,0.0166666666666667
"913","sdc02",2004,"rhca",8,60,0.133333333333333
"914","sdc02",2004,"todi",23,60,0.383333333333333
"915","sdc02",2004,"umca",10,60,0.166666666666667
"916","sdc03",2004,"gemo",3,60,0.05
"917","sdc03",2004,"lohi",49,60,0.816666666666667
"918","sdc03",2004,"quag",3,60,0.05
"919","sdc03",2004,"qulo",1,60,0.0166666666666667
"920","sdc03",2004,"todi",14,60,0.233333333333333
"921","sdc03",2004,"umca",18,60,0.3
"922","sdc04",2004,"arme",1,60,0.0166666666666667
"923","sdc04",2004,"gemo",17,60,0.283333333333333
"924","sdc04",2004,"hear",2,60,0.0333333333333333
"925","sdc04",2004,"lohi",37,60,0.616666666666667
"926","sdc04",2004,"quag",5,60,0.0833333333333333
"927","sdc04",2004,"quga",2,60,0.0333333333333333
"928","sdc04",2004,"qulo",1,60,0.0166666666666667
"929","sdc04",2004,"todi",57,60,0.95
"930","sdc05",2004,"gemo",1,55,0.0181818181818182
"931","sdc05",2004,"hear",1,55,0.0181818181818182
"932","sdc05",2004,"lohi",8,55,0.145454545454545
"933","sdc05",2004,"quag",1,55,0.0181818181818182
"934","sdc05",2004,"quga",10,55,0.181818181818182
"935","sdc05",2004,"todi",3,55,0.0545454545454545
"936","sdc06",2004,"bapi",13,60,0.216666666666667
"937","sdc06",2004,"prunus sp.",3,60,0.05
"938","sdc06",2004,"rose sp.",1,60,0.0166666666666667
"939","sdc06",2004,"rudi",13,60,0.216666666666667
"940","sdc06",2004,"symo",4,60,0.0666666666666667
"941","sdc06",2004,"umca",2,60,0.0333333333333333
"942","sdc06",2004,"vinca sp.",5,60,0.0833333333333333
"943","secret01",2003,"arma",1,60,0.0166666666666667
"944","secret01",2003,"hear",25,60,0.416666666666667
"945","secret01",2003,"lohi",4,60,0.0666666666666667
"946","secret01",2003,"psme",17,60,0.283333333333333
"947","secret01",2003,"quag",6,60,0.1
"948","secret01",2003,"todi",10,60,0.166666666666667
"949","secret01",2003,"umca",1,60,0.0166666666666667
"950","secret02",2003,"arma",3,60,0.05
"951","secret02",2003,"hear",11,60,0.183333333333333
"952","secret02",2003,"psme",3,60,0.05
"953","secret02",2003,"quag",14,60,0.233333333333333
"954","secret02",2003,"todi",7,60,0.116666666666667
"955","secret02",2003,"umca",1,60,0.0166666666666667
"956","secret03",2003,"hear",17,60,0.283333333333333
"957","secret03",2003,"psme",3,60,0.05
"958","secret03",2003,"quag",9,60,0.15
"959","secret03",2003,"todi",3,60,0.05
"960","secret03",2003,"umca",12,60,0.2
"961","skile01",2004,"arma",1,60,0.0166666666666667
"962","skile01",2004,"coco",1,60,0.0166666666666667
"963","skile01",2004,"lohi",1,60,0.0166666666666667
"964","skile01",2004,"quga",1,60,0.0166666666666667
"965","skile01",2004,"quke",3,60,0.05
"966","skile01",2004,"rogy",5,60,0.0833333333333333
"967","skile01",2004,"umca",12,60,0.2
"968","spaul01",2004,"acma",1,55,0.0181818181818182
"969","spaul01",2004,"lohi",6,55,0.109090909090909
"970","spaul01",2004,"quag",16,55,0.290909090909091
"971","spaul01",2004,"quch",1,55,0.0181818181818182
"972","spaul01",2004,"todi",11,55,0.2
"973","spaul01",2004,"umca",3,55,0.0545454545454545
"974","spaul02",2004,"acma",5,60,0.0833333333333333
"975","spaul02",2004,"bapi",1,60,0.0166666666666667
"976","spaul02",2004,"hear",1,60,0.0166666666666667
"977","spaul02",2004,"lohi",11,60,0.183333333333333
"978","spaul02",2004,"psme",1,60,0.0166666666666667
"979","spaul02",2004,"quag",6,60,0.1
"980","spaul02",2004,"quag x quke",7,60,0.116666666666667
"981","spaul02",2004,"quch",4,60,0.0666666666666667
"982","spaul02",2004,"quke",1,60,0.0166666666666667
"983","spaul02",2004,"umca",6,60,0.1
"984","spivy01",2004,"arme",3,55,0.0545454545454545
"985","spivy01",2004,"cysc",2,55,0.0363636363636364
"986","spivy01",2004,"hear",7,55,0.127272727272727
"987","spivy01",2004,"lohi",47,55,0.854545454545454
"988","spivy01",2004,"prunus sp.",1,55,0.0181818181818182
"989","spivy01",2004,"quag",2,55,0.0363636363636364
"990","spivy01",2004,"quga",4,55,0.0727272727272727
"991","spivy01",2004,"todi",8,55,0.145454545454545
"992","spivy01",2004,"umca",1,55,0.0181818181818182
"993","state123",2003,"lohi",7,60,0.116666666666667
"994","state123",2003,"quag",4,60,0.0666666666666667
"995","state123",2003,"rudi",4,60,0.0666666666666667
"996","state123",2003,"umca",2,60,0.0333333333333333
"997","sugar01",2004,"hear",2,50,0.04
"998","sugar01",2004,"quch",9,50,0.18
"999","sugar01",2004,"rogy",1,50,0.02
"1000","sugar01",2004,"todi",1,50,0.02
"1001","sugar01",2004,"umca",11,50,0.22
"1002","sugar04",2004,"hear",8,60,0.133333333333333
"1003","sugar04",2004,"hodi",19,60,0.316666666666667
"1004","sugar04",2004,"lohi",7,60,0.116666666666667
"1005","sugar04",2004,"miau",1,60,0.0166666666666667
"1006","sugar04",2004,"pisa",5,60,0.0833333333333333
"1007","sugar04",2004,"quch",12,60,0.2
"1008","sugar04",2004,"quwi",1,60,0.0166666666666667
"1009","sugar04",2004,"rhca",1,60,0.0166666666666667
"1010","sugar04",2004,"rogy",14,60,0.233333333333333
"1011","sugar04",2004,"todi",2,60,0.0333333333333333
"1012","sugar04",2004,"umca",30,60,0.5
"1013","sugar04",2004,"unknown sp. 1",2,60,0.0333333333333333
"1014","sugar05",2003,"lohi",2,60,0.0333333333333333
"1015","sugar05",2003,"quag",2,60,0.0333333333333333
"1016","sugar05",2003,"umca",3,60,0.05
"1017","sugar07",2004,"acma",4,60,0.0666666666666667
"1018","sugar07",2004,"arme",2,60,0.0333333333333333
"1019","sugar07",2004,"coco",1,60,0.0166666666666667
"1020","sugar07",2004,"hear",16,60,0.266666666666667
"1021","sugar07",2004,"lohi",3,60,0.05
"1022","sugar07",2004,"quag",7,60,0.116666666666667
"1023","sugar07",2004,"quch",1,60,0.0166666666666667
"1024","sugar07",2004,"umca",27,60,0.45
"1025","sugar08",2003,"hear",11,60,0.183333333333333
"1026","sugar08",2003,"lohi",1,60,0.0166666666666667
"1027","sugar08",2003,"miau",1,60,0.0166666666666667
"1028","sugar08",2003,"psme",6,60,0.1
"1029","sugar08",2003,"quag",17,60,0.283333333333333
"1030","sugar08",2003,"umca",1,60,0.0166666666666667
"1031","sugar08",2003,"unknown sp. 1",1,60,0.0166666666666667
"1032","sugar09",2004,"arcto",1,50,0.02
"1033","sugar09",2004,"arme",1,50,0.02
"1034","sugar09",2004,"hear",14,50,0.28
"1035","sugar09",2004,"lohi",4,50,0.08
"1036","sugar09",2004,"miau",1,50,0.02
"1037","sugar09",2004,"psme",4,50,0.08
"1038","sugar09",2004,"quag",4,50,0.08
"1039","sugar09",2004,"ruur",4,50,0.08
"1040","sugar09",2004,"todi",1,50,0.02
"1041","sugar09",2004,"umca",19,50,0.38
"1042","sugar11",2004,"lohi",8,55,0.145454545454545
"1043","sugar11",2004,"psme",3,55,0.0545454545454545
"1044","sugar11",2004,"quag",2,55,0.0363636363636364
"1045","sugar11",2004,"todi",7,55,0.127272727272727
"1046","sugar11",2004,"umca",9,55,0.163636363636364
"1047","sugar12",2004,"arme",2,60,0.0333333333333333
"1048","sugar12",2004,"hear",6,60,0.1
"1049","sugar12",2004,"quag",9,60,0.15
"1050","sugar12",2004,"rhca",1,60,0.0166666666666667
"1051","sugar12",2004,"todi",5,60,0.0833333333333333
"1052","sugar12",2004,"umca",9,60,0.15
"1053","sugar13",2004,"acma",1,60,0.0166666666666667
"1054","sugar13",2004,"lide",6,60,0.1
"1055","sugar13",2004,"lohi",3,60,0.05
"1056","sugar13",2004,"sese",4,60,0.0666666666666667
"1057","sugar13",2004,"umca",10,60,0.166666666666667
"1058","sugar15",2003,"umca",25,60,0.416666666666667
"1059","sugar16",2004,"acma",10,60,0.166666666666667
"1060","sugar16",2004,"arme",2,60,0.0333333333333333
"1061","sugar16",2004,"hear",1,60,0.0166666666666667
"1062","sugar16",2004,"lohi",16,60,0.266666666666667
"1063","sugar16",2004,"psme",1,60,0.0166666666666667
"1064","sugar16",2004,"quag",24,60,0.4
"1065","sugar16",2004,"quke",1,60,0.0166666666666667
"1066","sugar16",2004,"todi",31,60,0.516666666666667
"1067","sugar16",2004,"umca",4,60,0.0666666666666667
"1068","sugar17",2003,"arme",1,60,0.0166666666666667
"1069","sugar17",2003,"coco",4,60,0.0666666666666667
"1070","sugar17",2003,"hear",5,60,0.0833333333333333
"1071","sugar17",2003,"lide",2,60,0.0333333333333333
"1072","sugar17",2003,"psme",1,60,0.0166666666666667
"1073","sugar17",2003,"quag",12,60,0.2
"1074","sugar17",2003,"quch",6,60,0.1
"1075","sugar17",2003,"quercus sp.",1,60,0.0166666666666667
"1076","sugar17",2003,"umca",6,60,0.1
"1077","sugar18",2003,"lohi",1,60,0.0166666666666667
"1078","sugar18",2003,"psme",17,60,0.283333333333333
"1079","sugar18",2003,"umca",3,60,0.05
"1080","sugar19",2003,"hear",6,60,0.1
"1081","sugar19",2003,"umca",5,60,0.0833333333333333
"1082","sugar21",2004,"acma",1,60,0.0166666666666667
"1083","sugar21",2004,"hear",9,60,0.15
"1084","sugar21",2004,"quch",12,60,0.2
"1085","sugar21",2004,"ribes",2,60,0.0333333333333333
"1086","sugar21",2004,"todi",6,60,0.1
"1087","sugar21",2004,"umca",8,60,0.133333333333333
"1088","sugar23",2004,"hear",2,50,0.04
"1089","sugar23",2004,"quag",1,50,0.02
"1090","sugar23",2004,"quch",43,50,0.86
"1091","sugar23",2004,"todi",2,50,0.04
"1092","sugar23",2004,"umca",34,50,0.68
"1093","sugar24",2005,"psme",1,60,0.0166666666666667
"1094","sugar24",2005,"quch",10,60,0.166666666666667
"1095","sugar24",2005,"quke",2,60,0.0333333333333333
"1096","sugar24",2005,"ribes sp.",4,60,0.0666666666666667
"1097","sugar24",2005,"rogy",1,60,0.0166666666666667
"1098","sugar24",2005,"todi",3,60,0.05
"1099","sugar24",2005,"umca",11,60,0.183333333333333
"1100","sugar30",2004,"hear",4,60,0.0666666666666667
"1101","sugar30",2004,"hodi",2,60,0.0333333333333333
"1102","sugar30",2004,"quch",9,60,0.15
"1103","sugar30",2004,"quke",2,60,0.0333333333333333
"1104","sugar30",2004,"ribes sp.",1,60,0.0166666666666667
"1105","sugar30",2004,"todi",5,60,0.0833333333333333
"1106","sugar30",2004,"umca",9,60,0.15
"1107","sugar31",2005,"acma",2,60,0.0333333333333333
"1108","sugar31",2005,"rogy",4,60,0.0666666666666667
"1109","sugar31",2005,"todi",24,60,0.4
"1110","sugar31",2005,"umca",24,60,0.4
"1111","sugar32",2004,"arcto",2,45,0.0444444444444444
"1112","sugar32",2004,"lohi",5,45,0.111111111111111
"1113","sugar32",2004,"quga",7,45,0.155555555555556
"1114","sugar32",2004,"umca",2,45,0.0444444444444444
"1115","sumtv01",2004,"lohi",4,60,0.0666666666666667
"1116","sumtv01",2004,"prunus sp.",1,60,0.0166666666666667
"1117","sumtv01",2004,"quag",3,60,0.05
"1118","sumtv01",2004,"rudi",6,60,0.1
"1119","sumtv01",2004,"symo",1,60,0.0166666666666667
"1120","sumtv01",2004,"todi",5,60,0.0833333333333333
"1121","sumtv02",2004,"coco",4,60,0.0666666666666667
"1122","sumtv02",2004,"lohi",7,60,0.116666666666667
"1123","sumtv02",2004,"quag",2,60,0.0333333333333333
"1124","sumtv02",2004,"rogy",11,60,0.183333333333333
"1125","sumtv02",2004,"rubus sp.",1,60,0.0166666666666667
"1126","sumtv02",2004,"rudi",25,60,0.416666666666667
"1127","sumtv02",2004,"symo",4,60,0.0666666666666667
"1128","sumtv02",2004,"todi",2,60,0.0333333333333333
"1129","sumtv02",2004,"umca",17,60,0.283333333333333
"1130","svrp01",2004,"hear",7,60,0.116666666666667
"1131","svrp01",2004,"lohi",32,60,0.533333333333333
"1132","svrp01",2004,"quag",4,60,0.0666666666666667
"1133","svrp01",2004,"quga",1,60,0.0166666666666667
"1134","svrp01",2004,"quke",3,60,0.05
"1135","svrp01",2004,"todi",40,60,0.666666666666667
"1136","svrp02",2004,"hear",1,60,0.0166666666666667
"1137","svrp02",2004,"lohi",2,60,0.0333333333333333
"1138","svrp02",2004,"quag",15,60,0.25
"1139","svrp02",2004,"qudo",2,60,0.0333333333333333
"1140","svrp02",2004,"todi",32,60,0.533333333333333
"1141","svrp02",2004,"umca",1,60,0.0166666666666667
"1142","svrp02",2004,"unknown sp. 1",1,60,0.0166666666666667
"1143","sweet01",2003,"arme",2,60,0.0333333333333333
"1144","sweet01",2003,"lohi",24,60,0.4
"1145","sweet01",2003,"miau",1,60,0.0166666666666667
"1146","sweet01",2003,"psme",15,60,0.25
"1147","sweet01",2003,"quag",4,60,0.0666666666666667
"1148","sweet01",2003,"todi",6,60,0.1
"1149","sweet01",2003,"umca",27,60,0.45
"1150","tell02",2004,"adfa",8,55,0.145454545454545
"1151","tell02",2004,"arme",3,55,0.0545454545454545
"1152","tell02",2004,"bapi",1,55,0.0181818181818182
"1153","tell02",2004,"hear",28,55,0.509090909090909
"1154","tell02",2004,"hodi",1,55,0.0181818181818182
"1155","tell02",2004,"lohi",37,55,0.672727272727273
"1156","tell02",2004,"miau",17,55,0.309090909090909
"1157","tell02",2004,"psme",2,55,0.0363636363636364
"1158","tell02",2004,"quag",17,55,0.309090909090909
"1159","tell02",2004,"quch",1,55,0.0181818181818182
"1160","tell02",2004,"quke",2,55,0.0363636363636364
"1161","tell02",2004,"rogy",21,55,0.381818181818182
"1162","tell02",2004,"rudi",1,55,0.0181818181818182
"1163","tell02",2004,"symo",25,55,0.454545454545455
"1164","tell02",2004,"todi",21,55,0.381818181818182
"1165","tell02",2004,"umca",20,55,0.363636363636364
"1166","tell02",2004,"whmo",11,55,0.2
"1167","tell03",2004,"adfa",2,60,0.0333333333333333
"1168","tell03",2004,"arcto",23,60,0.383333333333333
"1169","tell03",2004,"arme",3,60,0.05
"1170","tell03",2004,"hear",27,60,0.45
"1171","tell03",2004,"lohi",12,60,0.2
"1172","tell03",2004,"quag",4,60,0.0666666666666667
"1173","tell03",2004,"todi",22,60,0.366666666666667
"1174","tell03",2004,"umca",2,60,0.0333333333333333
"1175","tell04",2004,"psme",1,55,0.0181818181818182
"1176","tell04",2004,"quag",4,55,0.0727272727272727
"1177","tell04",2004,"qudo",2,55,0.0363636363636364
"1178","tell04",2004,"umca",15,55,0.272727272727273
"1179","terri02",2004,"arme",8,60,0.133333333333333
"1180","terri02",2004,"hear",12,60,0.2
"1181","terri02",2004,"lohi",18,60,0.3
"1182","terri02",2004,"miau",2,60,0.0333333333333333
"1183","terri02",2004,"psme",8,60,0.133333333333333
"1184","terri02",2004,"quag",9,60,0.15
"1185","terri02",2004,"ruur",10,60,0.166666666666667
"1186","terri02",2004,"todi",4,60,0.0666666666666667
"1187","terri02",2004,"umca",10,60,0.166666666666667
"1188","terri03",2004,"bapi",2,55,0.0363636363636364
"1189","terri03",2004,"hear",8,55,0.145454545454545
"1190","terri03",2004,"lohi",49,55,0.890909090909091
"1191","terri03",2004,"miau",22,55,0.4
"1192","terri03",2004,"psme",3,55,0.0545454545454545
"1193","terri03",2004,"quag",8,55,0.145454545454545
"1194","terri03",2004,"todi",7,55,0.127272727272727
"1195","terri03",2004,"umca",10,55,0.181818181818182
"1196","votru01",2004,"lohi",56,60,0.933333333333333
"1197","votru01",2004,"quag",7,60,0.116666666666667
"1198","votru01",2004,"quga",16,60,0.266666666666667
"1199","votru01",2004,"symo",8,60,0.133333333333333
"1200","votru01",2004,"todi",51,60,0.85
"1201","votru01",2004,"umca",6,60,0.1
"1202","watki01",2005,"aeca",1,60,0.0166666666666667
"1203","watki01",2005,"hear",1,60,0.0166666666666667
"1204","watki01",2005,"lohi",10,60,0.166666666666667
"1205","watki01",2005,"quag",1,60,0.0166666666666667
"1206","watki01",2005,"qudo",1,60,0.0166666666666667
"1207","watki01",2005,"todi",56,60,0.933333333333333
"1208","watki01",2005,"umca",1,60,0.0166666666666667
"1209","watki01",2005,"vinca sp.",12,60,0.2
"1210","yahng01",2004,"coco",2,60,0.0333333333333333
"1211","yahng01",2004,"lohi",17,60,0.283333333333333
"1212","yahng01",2004,"quke",5,60,0.0833333333333333
"1213","yahng01",2004,"rose sp.",4,60,0.0666666666666667
"1214","yahng01",2004,"symo",25,60,0.416666666666667
"1215","yahng01",2004,"todi",39,60,0.65
"1216","yahng01",2004,"trla",13,60,0.216666666666667
"1217","yahng01",2004,"umca",10,60,0.166666666666667
"1218","yahng02",2005,"hear",2,60,0.0333333333333333
"1219","yahng02",2005,"lohi",39,60,0.65
"1220","yahng02",2005,"miau",1,60,0.0166666666666667
"1221","yahng02",2005,"quga",1,60,0.0166666666666667
"1222","yahng02",2005,"quke",1,60,0.0166666666666667
"1223","yahng02",2005,"rogy",14,60,0.233333333333333
"1224","yahng02",2005,"ruur",26,60,0.433333333333333
"1225","yahng02",2005,"symo",56,60,0.933333333333333
"1226","yahng02",2005,"todi",54,60,0.9
"1227","yahng02",2005,"umca",15,60,0.25
"1228","yahng03",2004,"rhca",1,60,0.0166666666666667
"1229","yahng03",2004,"sese",2,60,0.0333333333333333
"1230","yahng03",2004,"todi",5,60,0.0833333333333333
"1231","yahng03",2004,"umca",6,60,0.1
"1232","zen01",2004,"hear",1,65,0.0153846153846154
"1233","zen01",2004,"lohi",54,65,0.830769230769231
"1234","zen01",2004,"quag",5,65,0.0769230769230769
"1235","zen01",2004,"quga",8,65,0.123076923076923
"1236","zen01",2004,"rogy",2,65,0.0307692307692308
"1237","zen01",2004,"sado",1,65,0.0153846153846154
"1238","zen01",2004,"symo",2,65,0.0307692307692308
"1239","zen01",2004,"todi",46,65,0.707692307692308
"1240","zen01",2004,"umca",25,65,0.384615384615385
"1241","zen02",2004,"arme",1,60,0.0166666666666667
"1242","zen02",2004,"coco",1,60,0.0166666666666667
"1243","zen02",2004,"lohi",34,60,0.566666666666667
"1244","zen02",2004,"quag",18,60,0.3
"1245","zen02",2004,"rogy",12,60,0.2
"1246","zen02",2004,"sado",3,60,0.05
"1247","zen02",2004,"symo",10,60,0.166666666666667
"1248","zen02",2004,"todi",10,60,0.166666666666667
"1249","zen02",2004,"umca",14,60,0.233333333333333
